{
  "model_path": "E:\\UWMadisonCourses\\2026spring\\CS763\\finalproject\\Behavior-Poisoning\\seed_sweep_p01_results\\checkpoints\\clean_rmappo_seed31\\models",
  "episodes": 32,
  "deterministic": true,
  "team_reward_mean": -506.43807873129845,
  "team_reward_std": 77.8412864667126,
  "episode_length_mean": 25,
  "episode_length_std": 0.0,
  "team_rewards": [
    -505.3555107116699,
    -474.8292636871338,
    -450.37134552001953,
    -664.4289703369141,
    -581.5010147094727,
    -651.3917331695557,
    -497.3938293457031,
    -420.59989070892334,
    -600.0209312438965,
    -591.3833808898926,
    -691.4294471740723,
    -505.63453483581543,
    -511.8650207519531,
    -443.47657680511475,
    -403.47647285461426,
    -485.62291717529297,
    -480.3316068649292,
    -473.8351459503174,
    -380.9273328781128,
    -471.8490962982178,
    -541.2621803283691,
    -471.988263130188,
    -474.28299713134766,
    -618.53688621521,
    -469.8236246109009,
    -529.4424209594727,
    -379.17184352874756,
    -404.7383737564087,
    -498.0614643096924,
    -520.094446182251,
    -538.9444313049316,
    -473.94756603240967
  ],
  "episode_lengths": [
    25,
    25,
    25,
    25,
    25,
    25,
    25,
    25,
    25,
    25,
    25,
    25,
    25,
    25,
    25,
    25,
    25,
    25,
    25,
    25,
    25,
    25,
    25,
    25,
    25,
    25,
    25,
    25,
    25,
    25,
    25,
    25
  ],
  "per_agent_reward_mean": {
    "agent_0": -168.81269292533398,
    "agent_1": -168.81269292533398,
    "agent_2": -168.81269292533398
  },
  "final_occupied_landmarks_mean": 0.15625,
  "max_occupied_landmarks_mean": 0.78125,
  "final_occupied_landmarks": [
    0,
    0,
    0,
    0,
    0,
    0,
    0,
    0,
    0,
    0,
    0,
    0,
    0,
    0,
    0,
    0,
    0,
    0,
    1,
    0,
    0,
    0,
    0,
    0,
    0,
    0,
    1,
    0,
    1,
    2,
    0,
    0
  ],
  "max_occupied_landmarks": [
    1,
    0,
    1,
    0,
    0,
    1,
    1,
    1,
    0,
    1,
    2,
    1,
    1,
    0,
    0,
    1,
    1,
    1,
    2,
    0,
    1,
    0,
    0,
    1,
    1,
    0,
    1,
    1,
    1,
    2,
    1,
    1
  ],
  "final_unique_landmarks_mean": 2.3125,
  "max_unique_landmarks_mean": 2.71875,
  "final_unique_landmarks": [
    3,
    2,
    2,
    2,
    2,
    2,
    3,
    3,
    2,
    2,
    2,
    2,
    3,
    1,
    3,
    3,
    2,
    3,
    3,
    3,
    2,
    3,
    2,
    1,
    2,
    2,
    3,
    3,
    2,
    2,
    2,
    2
  ],
  "max_unique_landmarks": [
    3,
    2,
    2,
    3,
    3,
    3,
    3,
    3,
    2,
    2,
    3,
    3,
    3,
    3,
    3,
    3,
    3,
    3,
    3,
    3,
    3,
    3,
    2,
    2,
    2,
    2,
    3,
    3,
    3,
    2,
    3,
    3
  ],
  "final_min_distance_sum_mean": 0.9756576499083651,
  "final_min_distance_sum": [
    0.9551439167984728,
    0.9416261139101217,
    0.7153033546248393,
    1.9129797076050068,
    1.3626124574829765,
    1.048031928843217,
    0.6093303879742198,
    0.8327028532451852,
    1.6554876453683498,
    1.141043231924677,
    1.7943061692308606,
    1.1580300955069445,
    0.9608737363740549,
    0.7380545760571842,
    0.5619611018844475,
    0.7323657656535352,
    0.5897619045061516,
    0.8990159929929844,
    0.6022781383373382,
    0.8632328344585767,
    1.7358372459531892,
    0.8695455478833722,
    1.0925760661029238,
    1.2972845868101859,
    0.694448915131574,
    0.9005623975251081,
    0.38429165740371835,
    0.756345664667519,
    1.1382417912352512,
    0.3197553754324697,
    1.3334698480401863,
    0.6245437881030419
  ],
  "collision_pair_events_mean": 3.46875,
  "collision_step_rate_mean": 0.1325,
  "final_collision_pairs_mean": 0.03125,
  "max_collision_pairs_mean": 0.6875,
  "collision_pair_events": [
    1,
    1,
    7,
    0,
    11,
    10,
    3,
    0,
    0,
    8,
    12,
    0,
    6,
    10,
    1,
    0,
    3,
    3,
    0,
    0,
    0,
    3,
    0,
    5,
    3,
    1,
    0,
    0,
    0,
    8,
    1,
    14
  ],
  "collision_step_rates": [
    0.04,
    0.04,
    0.28,
    0.0,
    0.44,
    0.4,
    0.12,
    0.0,
    0.0,
    0.24,
    0.48,
    0.0,
    0.24,
    0.4,
    0.04,
    0.0,
    0.12,
    0.12,
    0.0,
    0.0,
    0.0,
    0.12,
    0.0,
    0.2,
    0.12,
    0.04,
    0.0,
    0.0,
    0.0,
    0.32,
    0.04,
    0.44
  ],
  "final_collision_pairs": [
    0,
    0,
    0,
    0,
    0,
    0,
    0,
    0,
    0,
    0,
    0,
    0,
    0,
    0,
    0,
    0,
    0,
    1,
    0,
    0,
    0,
    0,
    0,
    0,
    0,
    0,
    0,
    0,
    0,
    0,
    0,
    0
  ],
  "max_collision_pairs": [
    1,
    1,
    1,
    0,
    1,
    1,
    1,
    0,
    0,
    2,
    1,
    0,
    1,
    1,
    1,
    0,
    1,
    1,
    0,
    0,
    0,
    1,
    0,
    1,
    1,
    1,
    0,
    0,
    0,
    1,
    1,
    2
  ]
}