{
  "model_path": "E:\\UWMadisonCourses\\2026spring\\CS763\\finalproject\\Behavior-Poisoning\\seed_sweep_p01_results\\checkpoints\\clean_rmappo_seed37\\models",
  "episodes": 32,
  "deterministic": true,
  "team_reward_mean": -481.2205497920513,
  "team_reward_std": 53.09939502002353,
  "episode_length_mean": 25,
  "episode_length_std": 0.0,
  "team_rewards": [
    -526.5366497039795,
    -447.3472785949707,
    -531.5210704803467,
    -537.1459312438965,
    -466.59876441955566,
    -547.825174331665,
    -535.072359085083,
    -374.89842987060547,
    -438.7546844482422,
    -563.5397529602051,
    -482.87307834625244,
    -498.639102935791,
    -440.4045009613037,
    -550.7790336608887,
    -450.74085807800293,
    -481.1053876876831,
    -439.823712348938,
    -559.8245315551758,
    -465.58598232269287,
    -448.388240814209,
    -456.2294292449951,
    -476.86013984680176,
    -454.1051769256592,
    -458.84343910217285,
    -526.4158134460449,
    -416.52565002441406,
    -494.83613777160645,
    -559.1768007278442,
    -405.0697498321533,
    -388.9232568740845,
    -551.4263877868652,
    -423.2410879135132
  ],
  "episode_lengths": [
    25,
    25,
    25,
    25,
    25,
    25,
    25,
    25,
    25,
    25,
    25,
    25,
    25,
    25,
    25,
    25,
    25,
    25,
    25,
    25,
    25,
    25,
    25,
    25,
    25,
    25,
    25,
    25,
    25,
    25,
    25,
    25
  ],
  "per_agent_reward_mean": {
    "agent_0": -160.406849950552,
    "agent_1": -160.406849950552,
    "agent_2": -160.406849950552
  },
  "final_occupied_landmarks_mean": 0.25,
  "max_occupied_landmarks_mean": 1,
  "final_occupied_landmarks": [
    0,
    0,
    0,
    0,
    0,
    0,
    0,
    0,
    0,
    0,
    0,
    0,
    1,
    0,
    0,
    1,
    0,
    0,
    0,
    1,
    0,
    1,
    0,
    1,
    0,
    0,
    0,
    1,
    1,
    1,
    0,
    0
  ],
  "max_occupied_landmarks": [
    1,
    0,
    1,
    1,
    1,
    1,
    0,
    2,
    2,
    1,
    1,
    1,
    2,
    0,
    1,
    2,
    1,
    0,
    2,
    1,
    1,
    1,
    1,
    1,
    1,
    1,
    1,
    1,
    1,
    1,
    1,
    0
  ],
  "final_unique_landmarks_mean": 2.65625,
  "max_unique_landmarks_mean": 2.90625,
  "final_unique_landmarks": [
    3,
    2,
    2,
    3,
    2,
    3,
    2,
    2,
    2,
    3,
    3,
    2,
    3,
    2,
    3,
    3,
    3,
    3,
    3,
    3,
    3,
    2,
    3,
    2,
    2,
    3,
    3,
    3,
    3,
    3,
    3,
    3
  ],
  "max_unique_landmarks": [
    3,
    3,
    2,
    3,
    3,
    3,
    2,
    3,
    3,
    3,
    3,
    3,
    3,
    3,
    3,
    3,
    3,
    3,
    3,
    3,
    3,
    3,
    3,
    2,
    3,
    3,
    3,
    3,
    3,
    3,
    3,
    3
  ],
  "final_min_distance_sum_mean": 0.8909928052060833,
  "final_min_distance_sum": [
    1.098271906740219,
    0.8489319853970914,
    1.3283709756427602,
    1.126476808937205,
    0.9454799274319321,
    0.8012949229248221,
    1.1692345933828308,
    0.68191909970718,
    0.9037640834978098,
    1.1381373838081046,
    1.2221749950102652,
    1.1597512977482967,
    0.8866663209825474,
    0.7505370957215571,
    0.7517926414830303,
    0.7510796776181214,
    0.8241363661945496,
    0.8774943955810163,
    0.7252552270956101,
    0.927702625606138,
    0.8631110198461867,
    0.7979712212730216,
    0.8069642430973871,
    0.5432571431545828,
    1.5336179011881375,
    0.8384694874054559,
    0.8328707385848932,
    0.5350876438950737,
    0.5881338234285362,
    0.48228810087082524,
    1.1713006542115043,
    0.6002254591279739
  ],
  "collision_pair_events_mean": 2.15625,
  "collision_step_rate_mean": 0.08625000000000001,
  "final_collision_pairs_mean": 0,
  "max_collision_pairs_mean": 0.59375,
  "collision_pair_events": [
    0,
    0,
    0,
    4,
    0,
    5,
    0,
    0,
    1,
    0,
    4,
    3,
    1,
    10,
    4,
    8,
    0,
    1,
    9,
    0,
    0,
    1,
    3,
    0,
    3,
    2,
    1,
    2,
    2,
    0,
    5,
    0
  ],
  "collision_step_rates": [
    0.0,
    0.0,
    0.0,
    0.16,
    0.0,
    0.2,
    0.0,
    0.0,
    0.04,
    0.0,
    0.16,
    0.12,
    0.04,
    0.4,
    0.16,
    0.32,
    0.0,
    0.04,
    0.36,
    0.0,
    0.0,
    0.04,
    0.12,
    0.0,
    0.12,
    0.08,
    0.04,
    0.08,
    0.08,
    0.0,
    0.2,
    0.0
  ],
  "final_collision_pairs": [
    0,
    0,
    0,
    0,
    0,
    0,
    0,
    0,
    0,
    0,
    0,
    0,
    0,
    0,
    0,
    0,
    0,
    0,
    0,
    0,
    0,
    0,
    0,
    0,
    0,
    0,
    0,
    0,
    0,
    0,
    0,
    0
  ],
  "max_collision_pairs": [
    0,
    0,
    0,
    1,
    0,
    1,
    0,
    0,
    1,
    0,
    1,
    1,
    1,
    1,
    1,
    1,
    0,
    1,
    1,
    0,
    0,
    1,
    1,
    0,
    1,
    1,
    1,
    1,
    1,
    0,
    1,
    0
  ]
}