{
  "model_path": "E:\\UWMadisonCourses\\2026spring\\CS763\\finalproject\\Behavior-Poisoning\\seed_sweep_p01_results\\checkpoints\\kl_targeted_action_poison_rmappo_seed13\\models",
  "episodes": 32,
  "deterministic": true,
  "team_reward_mean": -508.7959209084511,
  "team_reward_std": 65.88801976502845,
  "episode_length_mean": 25,
  "episode_length_std": 0.0,
  "team_rewards": [
    -461.0190715789795,
    -428.8011083602905,
    -496.10355377197266,
    -423.0914716720581,
    -609.8889751434326,
    -506.1126594543457,
    -594.5033302307129,
    -524.3506259918213,
    -420.69639778137207,
    -397.77152824401855,
    -455.85805320739746,
    -569.171215057373,
    -437.6463899612427,
    -518.6469497680664,
    -523.1944580078125,
    -501.5242347717285,
    -500.6895160675049,
    -623.6424541473389,
    -555.2239322662354,
    -541.2494716644287,
    -352.5175542831421,
    -617.2472133636475,
    -517.1901264190674,
    -493.8865671157837,
    -532.3419742584229,
    -506.7768306732178,
    -553.6167106628418,
    -542.9436416625977,
    -582.2919101715088,
    -541.5434131622314,
    -537.8370304107666,
    -414.0910997390747
  ],
  "episode_lengths": [
    25,
    25,
    25,
    25,
    25,
    25,
    25,
    25,
    25,
    25,
    25,
    25,
    25,
    25,
    25,
    25,
    25,
    25,
    25,
    25,
    25,
    25,
    25,
    25,
    25,
    25,
    25,
    25,
    25,
    25,
    25,
    25
  ],
  "per_agent_reward_mean": {
    "agent_0": -169.59864004701376,
    "agent_1": -169.59864004701376,
    "agent_2": -169.59864004701376
  },
  "final_occupied_landmarks_mean": 0.25,
  "max_occupied_landmarks_mean": 0.78125,
  "final_occupied_landmarks": [
    0,
    0,
    0,
    0,
    0,
    0,
    0,
    0,
    1,
    1,
    0,
    0,
    0,
    0,
    0,
    0,
    1,
    0,
    0,
    0,
    1,
    0,
    0,
    1,
    1,
    1,
    0,
    0,
    0,
    0,
    0,
    1
  ],
  "max_occupied_landmarks": [
    1,
    1,
    0,
    0,
    1,
    1,
    1,
    1,
    1,
    1,
    0,
    1,
    1,
    0,
    1,
    1,
    1,
    0,
    1,
    0,
    2,
    1,
    1,
    1,
    1,
    1,
    1,
    1,
    0,
    1,
    0,
    1
  ],
  "final_unique_landmarks_mean": 2.375,
  "max_unique_landmarks_mean": 2.78125,
  "final_unique_landmarks": [
    3,
    2,
    2,
    3,
    3,
    3,
    2,
    2,
    3,
    3,
    3,
    1,
    3,
    2,
    3,
    2,
    2,
    2,
    2,
    2,
    3,
    3,
    2,
    2,
    3,
    2,
    2,
    3,
    2,
    2,
    1,
    3
  ],
  "max_unique_landmarks": [
    3,
    3,
    3,
    3,
    3,
    3,
    3,
    3,
    3,
    3,
    3,
    2,
    3,
    3,
    3,
    3,
    2,
    3,
    3,
    3,
    3,
    3,
    2,
    3,
    3,
    2,
    2,
    3,
    2,
    3,
    2,
    3
  ],
  "final_min_distance_sum_mean": 1.057111059511301,
  "final_min_distance_sum": [
    0.9484724759953658,
    0.8189102611694842,
    1.2406560657586627,
    0.9392783153201517,
    1.2778409642871607,
    0.8246062543583105,
    1.6195711116735971,
    1.1297630059039987,
    0.6432421689491666,
    0.6138732540929995,
    0.7712482826871254,
    1.2535530948561984,
    0.9542375493371904,
    1.1802784204385,
    0.6893331334026116,
    1.3929419591672938,
    1.2156269510651403,
    1.8466803102583969,
    0.8106937368776574,
    1.1604925699014925,
    0.41667504286707313,
    1.5311400799222898,
    1.4177642675491322,
    0.9182866100571465,
    1.0127406238986953,
    0.8707279104379136,
    1.0867165422445388,
    0.8667229630415235,
    1.2974483874304696,
    1.3296409156955054,
    1.1543466142210974,
    0.5940440614957375
  ],
  "collision_pair_events_mean": 2.6875,
  "collision_step_rate_mean": 0.10625,
  "final_collision_pairs_mean": 0.125,
  "max_collision_pairs_mean": 0.5625,
  "collision_pair_events": [
    0,
    1,
    0,
    0,
    3,
    9,
    11,
    2,
    0,
    0,
    2,
    4,
    0,
    6,
    11,
    1,
    0,
    0,
    12,
    2,
    0,
    0,
    0,
    0,
    0,
    5,
    2,
    7,
    0,
    0,
    2,
    6
  ],
  "collision_step_rates": [
    0.0,
    0.04,
    0.0,
    0.0,
    0.12,
    0.36,
    0.44,
    0.08,
    0.0,
    0.0,
    0.08,
    0.12,
    0.0,
    0.24,
    0.44,
    0.04,
    0.0,
    0.0,
    0.48,
    0.08,
    0.0,
    0.0,
    0.0,
    0.0,
    0.0,
    0.2,
    0.08,
    0.28,
    0.0,
    0.0,
    0.08,
    0.24
  ],
  "final_collision_pairs": [
    0,
    0,
    0,
    0,
    0,
    0,
    1,
    0,
    0,
    0,
    0,
    0,
    0,
    0,
    1,
    0,
    0,
    0,
    1,
    0,
    0,
    0,
    0,
    0,
    0,
    0,
    0,
    0,
    0,
    0,
    1,
    0
  ],
  "max_collision_pairs": [
    0,
    1,
    0,
    0,
    1,
    1,
    1,
    1,
    0,
    0,
    1,
    2,
    0,
    1,
    1,
    1,
    0,
    0,
    1,
    1,
    0,
    0,
    0,
    0,
    0,
    1,
    1,
    1,
    0,
    0,
    1,
    1
  ],
  "attack_summary": {
    "poisoned_action_count": 31000,
    "collection_steps": 31250,
    "mean_effective_probability": 0.061117054301574505
  }
}