{
  "model_path": "E:\\UWMadisonCourses\\2026spring\\CS763\\finalproject\\Behavior-Poisoning\\seed_sweep_p01_results\\checkpoints\\kl_targeted_action_poison_rmappo_seed31\\models",
  "episodes": 32,
  "deterministic": true,
  "team_reward_mean": -482.4374748766422,
  "team_reward_std": 64.83116856404588,
  "episode_length_mean": 25,
  "episode_length_std": 0.0,
  "team_rewards": [
    -446.91530895233154,
    -504.20557403564453,
    -388.0883560180664,
    -595.3092823028564,
    -543.1878414154053,
    -552.651330947876,
    -594.5761260986328,
    -502.80600929260254,
    -502.15245628356934,
    -464.0844888687134,
    -506.59183502197266,
    -487.82766914367676,
    -505.2264099121094,
    -362.7164239883423,
    -381.3649740219116,
    -600.3892002105713,
    -439.65019607543945,
    -487.37187004089355,
    -478.92347717285156,
    -409.9271354675293,
    -537.7457275390625,
    -488.7776508331299,
    -411.8258218765259,
    -573.0678596496582,
    -394.0203285217285,
    -450.56535243988037,
    -389.12633514404297,
    -494.53391456604004,
    -449.3857898712158,
    -513.430230140686,
    -545.0393218994141,
    -436.5148983001709
  ],
  "episode_lengths": [
    25,
    25,
    25,
    25,
    25,
    25,
    25,
    25,
    25,
    25,
    25,
    25,
    25,
    25,
    25,
    25,
    25,
    25,
    25,
    25,
    25,
    25,
    25,
    25,
    25,
    25,
    25,
    25,
    25,
    25,
    25,
    25
  ],
  "per_agent_reward_mean": {
    "agent_0": -160.8124914318323,
    "agent_1": -160.8124914318323,
    "agent_2": -160.8124914318323
  },
  "final_occupied_landmarks_mean": 0.3125,
  "max_occupied_landmarks_mean": 0.875,
  "final_occupied_landmarks": [
    1,
    0,
    1,
    0,
    0,
    0,
    0,
    0,
    0,
    0,
    1,
    0,
    0,
    0,
    2,
    0,
    0,
    0,
    0,
    1,
    0,
    0,
    1,
    0,
    2,
    0,
    0,
    1,
    0,
    0,
    0,
    0
  ],
  "max_occupied_landmarks": [
    1,
    1,
    1,
    1,
    1,
    1,
    1,
    0,
    1,
    1,
    1,
    1,
    0,
    0,
    2,
    0,
    2,
    1,
    1,
    1,
    1,
    0,
    1,
    0,
    2,
    0,
    1,
    1,
    0,
    2,
    1,
    1
  ],
  "final_unique_landmarks_mean": 2.34375,
  "max_unique_landmarks_mean": 2.90625,
  "final_unique_landmarks": [
    3,
    2,
    3,
    3,
    2,
    1,
    2,
    2,
    3,
    2,
    2,
    2,
    2,
    2,
    2,
    2,
    2,
    2,
    3,
    2,
    2,
    2,
    3,
    3,
    3,
    3,
    2,
    2,
    3,
    3,
    3,
    2
  ],
  "max_unique_landmarks": [
    3,
    2,
    3,
    3,
    3,
    3,
    3,
    3,
    3,
    3,
    3,
    3,
    2,
    3,
    3,
    2,
    3,
    3,
    3,
    3,
    3,
    3,
    3,
    3,
    3,
    3,
    3,
    3,
    3,
    3,
    3,
    3
  ],
  "final_min_distance_sum_mean": 0.8684982781738589,
  "final_min_distance_sum": [
    0.5947653236034514,
    0.9755863606102504,
    0.4111006402459151,
    1.2012539920522738,
    0.9537670970948544,
    1.1091810086521856,
    1.1076464689899463,
    1.0456632841028612,
    0.9168835353680649,
    0.9592155431845831,
    0.8850257842242477,
    1.2223573628995932,
    1.1525690233893218,
    0.575316598202674,
    0.43555685545304546,
    1.0094215451399593,
    0.6298677233755441,
    1.1445266894406354,
    0.9607116254829895,
    0.6413679909796776,
    1.142284930463402,
    1.125579453770585,
    0.6092912485017794,
    0.872498417199806,
    0.4563263649230743,
    0.9049969072045662,
    0.45465500252570046,
    1.0439239164871028,
    1.0185577605475102,
    0.6350629362821725,
    1.1273112986855571,
    0.46967221248015734
  ],
  "collision_pair_events_mean": 1.59375,
  "collision_step_rate_mean": 0.06375,
  "final_collision_pairs_mean": 0,
  "max_collision_pairs_mean": 0.5,
  "collision_pair_events": [
    1,
    0,
    0,
    0,
    4,
    2,
    10,
    1,
    2,
    3,
    4,
    0,
    0,
    0,
    1,
    4,
    0,
    0,
    0,
    3,
    3,
    0,
    0,
    5,
    0,
    0,
    2,
    0,
    0,
    3,
    3,
    0
  ],
  "collision_step_rates": [
    0.04,
    0.0,
    0.0,
    0.0,
    0.16,
    0.08,
    0.4,
    0.04,
    0.08,
    0.12,
    0.16,
    0.0,
    0.0,
    0.0,
    0.04,
    0.16,
    0.0,
    0.0,
    0.0,
    0.12,
    0.12,
    0.0,
    0.0,
    0.2,
    0.0,
    0.0,
    0.08,
    0.0,
    0.0,
    0.12,
    0.12,
    0.0
  ],
  "final_collision_pairs": [
    0,
    0,
    0,
    0,
    0,
    0,
    0,
    0,
    0,
    0,
    0,
    0,
    0,
    0,
    0,
    0,
    0,
    0,
    0,
    0,
    0,
    0,
    0,
    0,
    0,
    0,
    0,
    0,
    0,
    0,
    0,
    0
  ],
  "max_collision_pairs": [
    1,
    0,
    0,
    0,
    1,
    1,
    1,
    1,
    1,
    1,
    1,
    0,
    0,
    0,
    1,
    1,
    0,
    0,
    0,
    1,
    1,
    0,
    0,
    1,
    0,
    0,
    1,
    0,
    0,
    1,
    1,
    0
  ],
  "attack_summary": {
    "poisoned_action_count": 23011,
    "collection_steps": 31250,
    "mean_effective_probability": 0.046225831007850174
  }
}