{
  "model_path": "E:\\UWMadisonCourses\\2026spring\\CS763\\finalproject\\Behavior-Poisoning\\seed_sweep_p01_results\\checkpoints\\kl_targeted_action_poison_rmappo_seed21\\models",
  "episodes": 32,
  "deterministic": true,
  "team_reward_mean": -478.1589211523533,
  "team_reward_std": 59.06927857594073,
  "episode_length_mean": 25,
  "episode_length_std": 0.0,
  "team_rewards": [
    -490.5523405075073,
    -472.0733108520508,
    -423.17937564849854,
    -505.38663482666016,
    -449.10592555999756,
    -446.04741954803467,
    -475.27599906921387,
    -535.0902137756348,
    -515.9228553771973,
    -504.6307487487793,
    -541.6071949005127,
    -452.5105209350586,
    -445.3270015716553,
    -628.3346519470215,
    -567.8354053497314,
    -483.3317518234253,
    -455.87686252593994,
    -424.56672763824463,
    -562.4316368103027,
    -534.7356967926025,
    -458.52098274230957,
    -498.18714332580566,
    -472.0204620361328,
    -377.9062919616699,
    -386.4546365737915,
    -575.4197425842285,
    -453.0110445022583,
    -407.0281457901001,
    -470.0261116027832,
    -373.683256149292,
    -412.10389041900635,
    -502.9014949798584
  ],
  "episode_lengths": [
    25,
    25,
    25,
    25,
    25,
    25,
    25,
    25,
    25,
    25,
    25,
    25,
    25,
    25,
    25,
    25,
    25,
    25,
    25,
    25,
    25,
    25,
    25,
    25,
    25,
    25,
    25,
    25,
    25,
    25,
    25,
    25
  ],
  "per_agent_reward_mean": {
    "agent_0": -159.38630675524473,
    "agent_1": -159.38630675524473,
    "agent_2": -159.38630675524473
  },
  "final_occupied_landmarks_mean": 0.09375,
  "max_occupied_landmarks_mean": 0.9375,
  "final_occupied_landmarks": [
    0,
    0,
    1,
    0,
    0,
    0,
    0,
    0,
    0,
    0,
    0,
    0,
    0,
    0,
    0,
    0,
    0,
    0,
    0,
    0,
    0,
    0,
    0,
    0,
    0,
    1,
    0,
    0,
    0,
    1,
    0,
    0
  ],
  "max_occupied_landmarks": [
    1,
    1,
    1,
    1,
    1,
    2,
    1,
    1,
    1,
    1,
    1,
    1,
    0,
    0,
    0,
    1,
    1,
    1,
    0,
    1,
    1,
    1,
    0,
    1,
    1,
    1,
    2,
    2,
    0,
    2,
    1,
    1
  ],
  "final_unique_landmarks_mean": 2.5625,
  "max_unique_landmarks_mean": 2.9375,
  "final_unique_landmarks": [
    3,
    2,
    2,
    2,
    3,
    2,
    3,
    3,
    2,
    2,
    3,
    3,
    2,
    2,
    2,
    3,
    3,
    3,
    2,
    3,
    2,
    3,
    2,
    3,
    3,
    1,
    3,
    3,
    3,
    3,
    3,
    3
  ],
  "max_unique_landmarks": [
    3,
    3,
    3,
    2,
    3,
    3,
    3,
    3,
    2,
    3,
    3,
    3,
    3,
    3,
    3,
    3,
    3,
    3,
    3,
    3,
    3,
    3,
    3,
    3,
    3,
    3,
    3,
    3,
    3,
    3,
    3,
    3
  ],
  "final_min_distance_sum_mean": 1.0115461154943397,
  "final_min_distance_sum": [
    0.8173840774240756,
    1.093396760537899,
    0.9136242128226327,
    0.9594458983897096,
    1.2409415610048053,
    0.7056853592474968,
    1.1230095326146914,
    1.5260495756542811,
    1.3908914762559705,
    1.455999962160015,
    1.163987250958753,
    0.7683479687087686,
    0.8420403444550868,
    1.8377598635419212,
    1.7041680136574877,
    1.0945824026731683,
    0.8570403008302077,
    0.5877317237292278,
    1.4675632308389976,
    0.9803294027193098,
    0.6961608305075239,
    0.8268697836274541,
    1.1536829775398727,
    0.43630182598791395,
    0.7580375628178224,
    1.1747566613311655,
    0.8662146794810613,
    0.6252908843337868,
    0.9427947452417593,
    0.541889433519452,
    0.8246304309919257,
    0.9928669622146281
  ],
  "collision_pair_events_mean": 1.03125,
  "collision_step_rate_mean": 0.0375,
  "final_collision_pairs_mean": 0,
  "max_collision_pairs_mean": 0.53125,
  "collision_pair_events": [
    2,
    3,
    0,
    1,
    0,
    2,
    0,
    0,
    0,
    2,
    1,
    0,
    0,
    0,
    0,
    0,
    1,
    4,
    0,
    1,
    2,
    3,
    0,
    4,
    1,
    2,
    0,
    0,
    0,
    0,
    0,
    4
  ],
  "collision_step_rates": [
    0.08,
    0.12,
    0.0,
    0.04,
    0.0,
    0.08,
    0.0,
    0.0,
    0.0,
    0.08,
    0.04,
    0.0,
    0.0,
    0.0,
    0.0,
    0.0,
    0.04,
    0.16,
    0.0,
    0.04,
    0.08,
    0.08,
    0.0,
    0.08,
    0.04,
    0.08,
    0.0,
    0.0,
    0.0,
    0.0,
    0.0,
    0.16
  ],
  "final_collision_pairs": [
    0,
    0,
    0,
    0,
    0,
    0,
    0,
    0,
    0,
    0,
    0,
    0,
    0,
    0,
    0,
    0,
    0,
    0,
    0,
    0,
    0,
    0,
    0,
    0,
    0,
    0,
    0,
    0,
    0,
    0,
    0,
    0
  ],
  "max_collision_pairs": [
    1,
    1,
    0,
    1,
    0,
    1,
    0,
    0,
    0,
    1,
    1,
    0,
    0,
    0,
    0,
    0,
    1,
    1,
    0,
    1,
    1,
    2,
    0,
    2,
    1,
    1,
    0,
    0,
    0,
    0,
    0,
    1
  ],
  "attack_summary": {
    "poisoned_action_count": 25996,
    "collection_steps": 31250,
    "mean_effective_probability": 0.051263056561346027
  }
}