{
  "model_path": "E:\\UWMadisonCourses\\2026spring\\CS763\\finalproject\\Behavior-Poisoning\\seed_sweep_p01_results\\checkpoints\\kl_targeted_action_poison_rmappo_seed37\\models",
  "episodes": 32,
  "deterministic": true,
  "team_reward_mean": -496.9163456261158,
  "team_reward_std": 64.55911925118026,
  "episode_length_mean": 25,
  "episode_length_std": 0.0,
  "team_rewards": [
    -543.5357246398926,
    -484.77976512908936,
    -488.16878032684326,
    -458.49957370758057,
    -598.1608123779297,
    -510.7775115966797,
    -503.07414627075195,
    -396.31617164611816,
    -470.8203868865967,
    -520.636477470398,
    -541.8424606323242,
    -486.91464042663574,
    -517.1626262664795,
    -510.2915668487549,
    -534.5910682678223,
    -566.1193675994873,
    -398.8886966705322,
    -581.8309192657471,
    -422.60014057159424,
    -446.8487205505371,
    -516.0632133483887,
    -531.671350479126,
    -464.16665267944336,
    -501.7263641357422,
    -567.858377456665,
    -374.9152822494507,
    -475.0358295440674,
    -682.4843997955322,
    -452.5132865905762,
    -401.39489364624023,
    -522.7293395996094,
    -428.9045133590698
  ],
  "episode_lengths": [
    25,
    25,
    25,
    25,
    25,
    25,
    25,
    25,
    25,
    25,
    25,
    25,
    25,
    25,
    25,
    25,
    25,
    25,
    25,
    25,
    25,
    25,
    25,
    25,
    25,
    25,
    25,
    25,
    25,
    25,
    25,
    25
  ],
  "per_agent_reward_mean": {
    "agent_0": -165.63878187537193,
    "agent_1": -165.63878187537193,
    "agent_2": -165.63878187537193
  },
  "final_occupied_landmarks_mean": 0.28125,
  "max_occupied_landmarks_mean": 0.625,
  "final_occupied_landmarks": [
    1,
    1,
    1,
    0,
    0,
    0,
    0,
    0,
    0,
    0,
    0,
    0,
    0,
    0,
    0,
    0,
    1,
    0,
    1,
    1,
    1,
    0,
    0,
    0,
    0,
    1,
    0,
    0,
    0,
    0,
    0,
    1
  ],
  "max_occupied_landmarks": [
    1,
    1,
    1,
    1,
    0,
    0,
    0,
    1,
    1,
    0,
    1,
    1,
    0,
    0,
    0,
    1,
    1,
    1,
    1,
    1,
    1,
    0,
    1,
    0,
    0,
    1,
    1,
    0,
    0,
    1,
    1,
    1
  ],
  "final_unique_landmarks_mean": 2.53125,
  "max_unique_landmarks_mean": 2.90625,
  "final_unique_landmarks": [
    3,
    2,
    3,
    2,
    3,
    3,
    2,
    3,
    3,
    3,
    3,
    2,
    3,
    2,
    2,
    2,
    2,
    3,
    3,
    2,
    2,
    2,
    3,
    3,
    2,
    2,
    3,
    2,
    3,
    3,
    2,
    3
  ],
  "max_unique_landmarks": [
    3,
    3,
    3,
    3,
    3,
    3,
    3,
    3,
    3,
    3,
    3,
    3,
    3,
    3,
    3,
    2,
    3,
    3,
    3,
    3,
    3,
    3,
    3,
    3,
    3,
    2,
    3,
    3,
    3,
    3,
    2,
    3
  ],
  "final_min_distance_sum_mean": 0.968019438533928,
  "final_min_distance_sum": [
    1.1254826020604025,
    0.6629511522896296,
    0.7024965963331914,
    0.6694434963771425,
    1.5577320508953636,
    1.376136540831841,
    1.424046805500641,
    0.6756121830767287,
    0.8462796919970974,
    0.9666138737051122,
    0.8950035008881327,
    1.0450247911961537,
    1.1958641470587217,
    0.9482635299138291,
    1.2763614343388547,
    1.255104462999601,
    0.6540041433353072,
    0.7889701466032151,
    0.38377771819264284,
    0.6919385565082783,
    0.9336053265890334,
    1.0391710209848455,
    0.9642454194331193,
    0.9905920751767511,
    1.6786290770590433,
    0.6427070984206875,
    0.8401858723841971,
    1.4183196348655847,
    0.7571477079456175,
    0.7880710158253352,
    1.1794794105300024,
    0.6033609497695951
  ],
  "collision_pair_events_mean": 1.25,
  "collision_step_rate_mean": 0.05,
  "final_collision_pairs_mean": 0.03125,
  "max_collision_pairs_mean": 0.5,
  "collision_pair_events": [
    0,
    3,
    0,
    2,
    0,
    1,
    0,
    4,
    0,
    0,
    4,
    1,
    1,
    0,
    0,
    4,
    0,
    5,
    2,
    2,
    0,
    6,
    1,
    0,
    0,
    0,
    0,
    1,
    0,
    1,
    2,
    0
  ],
  "collision_step_rates": [
    0.0,
    0.12,
    0.0,
    0.08,
    0.0,
    0.04,
    0.0,
    0.16,
    0.0,
    0.0,
    0.16,
    0.04,
    0.04,
    0.0,
    0.0,
    0.16,
    0.0,
    0.2,
    0.08,
    0.08,
    0.0,
    0.24,
    0.04,
    0.0,
    0.0,
    0.0,
    0.0,
    0.04,
    0.0,
    0.04,
    0.08,
    0.0
  ],
  "final_collision_pairs": [
    0,
    0,
    0,
    0,
    0,
    0,
    0,
    0,
    0,
    0,
    0,
    0,
    0,
    0,
    0,
    0,
    0,
    0,
    0,
    0,
    0,
    1,
    0,
    0,
    0,
    0,
    0,
    0,
    0,
    0,
    0,
    0
  ],
  "max_collision_pairs": [
    0,
    1,
    0,
    1,
    0,
    1,
    0,
    1,
    0,
    0,
    1,
    1,
    1,
    0,
    0,
    1,
    0,
    1,
    1,
    1,
    0,
    1,
    1,
    0,
    0,
    0,
    0,
    1,
    0,
    1,
    1,
    0
  ],
  "attack_summary": {
    "poisoned_action_count": 32026,
    "collection_steps": 31250,
    "mean_effective_probability": 0.06408344684689404
  }
}