{
  "model_path": "E:\\UWMadisonCourses\\2026spring\\CS763\\finalproject\\Behavior-Poisoning\\seed_sweep_p01_results\\checkpoints\\kl_targeted_action_poison_rmappo_seed7\\models",
  "episodes": 32,
  "deterministic": true,
  "team_reward_mean": -501.94339257478714,
  "team_reward_std": 54.10127705998558,
  "episode_length_mean": 25,
  "episode_length_std": 0.0,
  "team_rewards": [
    -453.6326379776001,
    -488.01513671875,
    -524.2582912445068,
    -561.2735824584961,
    -523.3463478088379,
    -627.8800811767578,
    -485.71522521972656,
    -438.82262229919434,
    -452.1269998550415,
    -431.3808603286743,
    -618.463056564331,
    -488.82990550994873,
    -422.6055383682251,
    -529.0477867126465,
    -543.0287265777588,
    -466.437105178833,
    -472.67509269714355,
    -482.2666177749634,
    -466.2851810455322,
    -499.1258964538574,
    -490.58504486083984,
    -487.86427116394043,
    -470.38209342956543,
    -458.393518447876,
    -572.5274438858032,
    -475.25029850006104,
    -491.64953231811523,
    -629.3515796661377,
    -463.7894973754883,
    -504.3683223724365,
    -573.2102069854736,
    -469.600061416626
  ],
  "episode_lengths": [
    25,
    25,
    25,
    25,
    25,
    25,
    25,
    25,
    25,
    25,
    25,
    25,
    25,
    25,
    25,
    25,
    25,
    25,
    25,
    25,
    25,
    25,
    25,
    25,
    25,
    25,
    25,
    25,
    25,
    25,
    25,
    25
  ],
  "per_agent_reward_mean": {
    "agent_0": -167.31446442008018,
    "agent_1": -167.31446442008018,
    "agent_2": -167.31446442008018
  },
  "final_occupied_landmarks_mean": 0.125,
  "max_occupied_landmarks_mean": 0.6875,
  "final_occupied_landmarks": [
    0,
    0,
    0,
    0,
    0,
    0,
    0,
    0,
    0,
    0,
    0,
    0,
    1,
    1,
    0,
    0,
    0,
    0,
    0,
    0,
    0,
    0,
    0,
    1,
    0,
    0,
    0,
    0,
    0,
    1,
    0,
    0
  ],
  "max_occupied_landmarks": [
    1,
    0,
    1,
    0,
    0,
    1,
    0,
    1,
    1,
    1,
    0,
    1,
    1,
    1,
    1,
    1,
    1,
    1,
    0,
    1,
    1,
    0,
    1,
    1,
    1,
    1,
    0,
    0,
    1,
    1,
    1,
    0
  ],
  "final_unique_landmarks_mean": 2.5,
  "max_unique_landmarks_mean": 2.8125,
  "final_unique_landmarks": [
    3,
    3,
    3,
    2,
    3,
    3,
    3,
    2,
    3,
    2,
    2,
    3,
    3,
    2,
    2,
    3,
    2,
    3,
    3,
    2,
    2,
    2,
    3,
    2,
    2,
    2,
    2,
    3,
    2,
    2,
    3,
    3
  ],
  "max_unique_landmarks": [
    3,
    3,
    3,
    3,
    3,
    3,
    3,
    2,
    3,
    3,
    3,
    3,
    3,
    3,
    2,
    3,
    3,
    3,
    3,
    2,
    3,
    3,
    3,
    3,
    2,
    3,
    3,
    3,
    2,
    2,
    3,
    3
  ],
  "final_min_distance_sum_mean": 1.025217363936736,
  "final_min_distance_sum": [
    0.6952681296385397,
    0.9436768961134835,
    0.9959693398106478,
    1.6017157121595174,
    0.7873773580993281,
    1.4903248427619034,
    1.1286144595606578,
    0.7543404076871354,
    0.6664224584495504,
    1.0982406100598576,
    1.805874952496497,
    0.5856850030972008,
    0.5662469130763846,
    1.261135258187144,
    1.3037663539900026,
    0.9500640418914746,
    1.0663976953533194,
    0.7408296901472002,
    0.8626976200429717,
    1.246416385527639,
    1.1341793693599165,
    1.0330816505058649,
    0.8565037396629094,
    0.8113272419953477,
    0.7654040580656001,
    1.1791849444268507,
    1.089704030048905,
    1.4152553740916904,
    1.4449559488367365,
    0.9002780660720442,
    0.7449039593206537,
    0.8811131354385727
  ],
  "collision_pair_events_mean": 2.15625,
  "collision_step_rate_mean": 0.08625000000000001,
  "final_collision_pairs_mean": 0.09375,
  "max_collision_pairs_mean": 0.6875,
  "collision_pair_events": [
    1,
    0,
    2,
    0,
    2,
    4,
    3,
    5,
    0,
    1,
    0,
    0,
    2,
    2,
    3,
    0,
    0,
    0,
    2,
    1,
    6,
    2,
    4,
    0,
    8,
    0,
    3,
    5,
    1,
    4,
    6,
    2
  ],
  "collision_step_rates": [
    0.04,
    0.0,
    0.08,
    0.0,
    0.08,
    0.16,
    0.12,
    0.2,
    0.0,
    0.04,
    0.0,
    0.0,
    0.08,
    0.08,
    0.12,
    0.0,
    0.0,
    0.0,
    0.08,
    0.04,
    0.24,
    0.08,
    0.16,
    0.0,
    0.32,
    0.0,
    0.12,
    0.2,
    0.04,
    0.16,
    0.24,
    0.08
  ],
  "final_collision_pairs": [
    0,
    0,
    0,
    0,
    0,
    0,
    0,
    0,
    0,
    0,
    0,
    0,
    0,
    1,
    0,
    0,
    0,
    0,
    0,
    0,
    1,
    0,
    0,
    0,
    0,
    0,
    0,
    1,
    0,
    0,
    0,
    0
  ],
  "max_collision_pairs": [
    1,
    0,
    1,
    0,
    1,
    1,
    1,
    1,
    0,
    1,
    0,
    0,
    1,
    1,
    1,
    0,
    0,
    0,
    1,
    1,
    1,
    1,
    1,
    0,
    1,
    0,
    1,
    1,
    1,
    1,
    1,
    1
  ],
  "attack_summary": {
    "poisoned_action_count": 28670,
    "collection_steps": 31250,
    "mean_effective_probability": 0.05738995559146488
  }
}