{
  "model_path": "E:\\UWMadisonCourses\\2026spring\\CS763\\finalproject\\Behavior-Poisoning\\seed_sweep_p01_results\\checkpoints\\random_action_poison_rmappo_seed37\\models",
  "episodes": 32,
  "deterministic": true,
  "team_reward_mean": -480.39175736904144,
  "team_reward_std": 60.001842405043966,
  "episode_length_mean": 25,
  "episode_length_std": 0.0,
  "team_rewards": [
    -521.0928640365601,
    -413.80997467041016,
    -523.3442707061768,
    -545.7375984191895,
    -568.7462863922119,
    -486.35820388793945,
    -517.4203662872314,
    -422.36054039001465,
    -437.1755123138428,
    -563.2319869995117,
    -522.6719417572021,
    -489.2399311065674,
    -446.63286209106445,
    -467.0078639984131,
    -485.41979789733887,
    -474.6967992782593,
    -394.8249979019165,
    -562.8688812255859,
    -435.2553005218506,
    -425.11175537109375,
    -458.71529483795166,
    -446.97523975372314,
    -429.78552436828613,
    -507.8523187637329,
    -603.3078346252441,
    -373.7172622680664,
    -483.98377799987793,
    -612.5583686828613,
    -418.64697647094727,
    -402.2583427429199,
    -469.1740999221802,
    -462.5534601211548
  ],
  "episode_lengths": [
    25,
    25,
    25,
    25,
    25,
    25,
    25,
    25,
    25,
    25,
    25,
    25,
    25,
    25,
    25,
    25,
    25,
    25,
    25,
    25,
    25,
    25,
    25,
    25,
    25,
    25,
    25,
    25,
    25,
    25,
    25,
    25
  ],
  "per_agent_reward_mean": {
    "agent_0": -160.13058611750603,
    "agent_1": -160.13058611750603,
    "agent_2": -160.13058611750603
  },
  "final_occupied_landmarks_mean": 0.125,
  "max_occupied_landmarks_mean": 0.84375,
  "final_occupied_landmarks": [
    0,
    0,
    0,
    0,
    0,
    0,
    0,
    0,
    1,
    0,
    0,
    0,
    0,
    0,
    0,
    0,
    0,
    0,
    0,
    1,
    0,
    1,
    0,
    0,
    0,
    0,
    0,
    0,
    0,
    0,
    0,
    1
  ],
  "max_occupied_landmarks": [
    1,
    1,
    1,
    1,
    0,
    1,
    1,
    1,
    2,
    1,
    1,
    1,
    1,
    1,
    1,
    1,
    1,
    0,
    0,
    1,
    1,
    1,
    1,
    0,
    0,
    2,
    1,
    0,
    1,
    1,
    0,
    1
  ],
  "final_unique_landmarks_mean": 2.5,
  "max_unique_landmarks_mean": 2.875,
  "final_unique_landmarks": [
    3,
    3,
    3,
    2,
    2,
    3,
    2,
    3,
    2,
    2,
    3,
    2,
    1,
    2,
    3,
    2,
    3,
    3,
    2,
    2,
    3,
    3,
    3,
    3,
    2,
    3,
    2,
    2,
    2,
    3,
    3,
    3
  ],
  "max_unique_landmarks": [
    3,
    3,
    3,
    3,
    3,
    3,
    3,
    3,
    3,
    2,
    3,
    2,
    3,
    3,
    3,
    3,
    3,
    3,
    3,
    3,
    3,
    3,
    3,
    3,
    3,
    3,
    3,
    2,
    2,
    3,
    3,
    3
  ],
  "final_min_distance_sum_mean": 0.9132182663712588,
  "final_min_distance_sum": [
    0.7820128029431535,
    0.6536898971094025,
    1.318380083685407,
    1.0821121367007285,
    1.8220164449362795,
    1.0214168876507719,
    1.2180268264632585,
    0.9289956130785326,
    0.5254241041533577,
    1.105471845521262,
    1.2160249942638852,
    1.0390806888691522,
    0.9039443123298686,
    0.8342251390856148,
    0.9349707589464478,
    0.9685648476273516,
    0.6737341471897471,
    0.8648887258231327,
    0.7623503384960775,
    0.7447156555781584,
    0.7378652327359287,
    0.6648410856350464,
    0.7427189848296372,
    0.7143844995375372,
    1.3760787085682393,
    0.6842377755669196,
    1.0179821658014159,
    0.89483523782259,
    0.5968509811313323,
    0.8016807365762356,
    0.7492805119231652,
    0.8421823533006441
  ],
  "collision_pair_events_mean": 1.65625,
  "collision_step_rate_mean": 0.0625,
  "final_collision_pairs_mean": 0,
  "max_collision_pairs_mean": 0.625,
  "collision_pair_events": [
    1,
    0,
    0,
    10,
    0,
    0,
    0,
    1,
    2,
    0,
    1,
    0,
    2,
    3,
    3,
    1,
    1,
    2,
    1,
    0,
    0,
    0,
    1,
    0,
    12,
    0,
    1,
    7,
    0,
    1,
    3,
    0
  ],
  "collision_step_rates": [
    0.04,
    0.0,
    0.0,
    0.36,
    0.0,
    0.0,
    0.0,
    0.04,
    0.08,
    0.0,
    0.04,
    0.0,
    0.08,
    0.12,
    0.12,
    0.04,
    0.04,
    0.08,
    0.04,
    0.0,
    0.0,
    0.0,
    0.04,
    0.0,
    0.48,
    0.0,
    0.04,
    0.2,
    0.0,
    0.04,
    0.12,
    0.0
  ],
  "final_collision_pairs": [
    0,
    0,
    0,
    0,
    0,
    0,
    0,
    0,
    0,
    0,
    0,
    0,
    0,
    0,
    0,
    0,
    0,
    0,
    0,
    0,
    0,
    0,
    0,
    0,
    0,
    0,
    0,
    0,
    0,
    0,
    0,
    0
  ],
  "max_collision_pairs": [
    1,
    0,
    0,
    2,
    0,
    0,
    0,
    1,
    1,
    0,
    1,
    0,
    1,
    1,
    1,
    1,
    1,
    1,
    1,
    0,
    0,
    0,
    1,
    0,
    1,
    0,
    1,
    2,
    0,
    1,
    1,
    0
  ],
  "attack_summary": {
    "poisoned_action_count": 50198,
    "collection_steps": 31250,
    "mean_effective_probability": 0.1
  }
}