{
  "model_path": "E:\\UWMadisonCourses\\2026spring\\CS763\\finalproject\\Behavior-Poisoning\\seed_sweep_p01_results\\checkpoints\\random_action_poison_rmappo_seed13\\models",
  "episodes": 32,
  "deterministic": true,
  "team_reward_mean": -504.40757405757904,
  "team_reward_std": 72.29913479003966,
  "episode_length_mean": 25,
  "episode_length_std": 0.0,
  "team_rewards": [
    -593.4908618927002,
    -416.532509803772,
    -545.3955230712891,
    -474.25424003601074,
    -604.084228515625,
    -470.80565643310547,
    -454.8148307800293,
    -482.0752067565918,
    -527.4800300598145,
    -365.3781509399414,
    -395.55602836608887,
    -552.9723587036133,
    -458.4714183807373,
    -447.18297386169434,
    -483.50732612609863,
    -517.032829284668,
    -504.48998260498047,
    -504.1668529510498,
    -624.7503509521484,
    -436.57222270965576,
    -485.1503715515137,
    -536.2632427215576,
    -548.3914394378662,
    -591.4155693054199,
    -535.6410999298096,
    -398.941445350647,
    -590.7167072296143,
    -470.1047992706299,
    -687.4904937744141,
    -541.5285968780518,
    -487.1341896057129,
    -409.2508325576782
  ],
  "episode_lengths": [
    25,
    25,
    25,
    25,
    25,
    25,
    25,
    25,
    25,
    25,
    25,
    25,
    25,
    25,
    25,
    25,
    25,
    25,
    25,
    25,
    25,
    25,
    25,
    25,
    25,
    25,
    25,
    25,
    25,
    25,
    25,
    25
  ],
  "per_agent_reward_mean": {
    "agent_0": -168.1358580738306,
    "agent_1": -168.1358580738306,
    "agent_2": -168.1358580738306
  },
  "final_occupied_landmarks_mean": 0.03125,
  "max_occupied_landmarks_mean": 0.59375,
  "final_occupied_landmarks": [
    0,
    0,
    0,
    0,
    0,
    0,
    0,
    0,
    0,
    0,
    1,
    0,
    0,
    0,
    0,
    0,
    0,
    0,
    0,
    0,
    0,
    0,
    0,
    0,
    0,
    0,
    0,
    0,
    0,
    0,
    0,
    0
  ],
  "max_occupied_landmarks": [
    0,
    1,
    0,
    0,
    1,
    0,
    1,
    1,
    1,
    2,
    1,
    0,
    0,
    1,
    1,
    0,
    1,
    0,
    1,
    0,
    1,
    1,
    1,
    0,
    0,
    2,
    0,
    1,
    0,
    1,
    0,
    0
  ],
  "final_unique_landmarks_mean": 2.5,
  "max_unique_landmarks_mean": 2.78125,
  "final_unique_landmarks": [
    2,
    3,
    2,
    2,
    3,
    3,
    2,
    3,
    2,
    3,
    3,
    2,
    3,
    3,
    3,
    2,
    2,
    3,
    2,
    3,
    3,
    3,
    2,
    2,
    2,
    3,
    3,
    2,
    1,
    2,
    3,
    3
  ],
  "max_unique_landmarks": [
    3,
    3,
    3,
    3,
    3,
    3,
    3,
    3,
    3,
    3,
    3,
    2,
    3,
    3,
    3,
    3,
    2,
    3,
    2,
    3,
    3,
    3,
    2,
    3,
    2,
    3,
    3,
    2,
    2,
    3,
    3,
    3
  ],
  "final_min_distance_sum_mean": 1.0954986181499449,
  "final_min_distance_sum": [
    1.517446736326829,
    0.7326990216786918,
    1.525074880901949,
    0.9327023331115445,
    1.4131535438692568,
    0.8444176466644049,
    1.0120035493664183,
    1.195619363695044,
    1.0681612834970993,
    0.4594477886713477,
    0.5952769934624069,
    1.1215992387649987,
    0.6391221789691932,
    0.6937022284192055,
    1.0963973209249827,
    1.2889367934750384,
    1.3855667691533888,
    1.1811051499318541,
    1.521171265792118,
    1.0397883865812898,
    0.8759885860019558,
    1.2120017889245114,
    1.2398502667373827,
    1.4652458726202817,
    1.0131041589854202,
    0.6086874279325271,
    1.0675814911472539,
    0.9432627733084751,
    1.8110850563411676,
    1.6218400707393905,
    1.1300209601728006,
    0.8038948546300108
  ],
  "collision_pair_events_mean": 1.75,
  "collision_step_rate_mean": 0.07,
  "final_collision_pairs_mean": 0.03125,
  "max_collision_pairs_mean": 0.4375,
  "collision_pair_events": [
    3,
    0,
    1,
    0,
    0,
    0,
    0,
    2,
    6,
    0,
    0,
    4,
    2,
    1,
    0,
    0,
    0,
    0,
    9,
    0,
    10,
    0,
    0,
    2,
    1,
    0,
    8,
    2,
    5,
    0,
    0,
    0
  ],
  "collision_step_rates": [
    0.12,
    0.0,
    0.04,
    0.0,
    0.0,
    0.0,
    0.0,
    0.08,
    0.24,
    0.0,
    0.0,
    0.16,
    0.08,
    0.04,
    0.0,
    0.0,
    0.0,
    0.0,
    0.36,
    0.0,
    0.4,
    0.0,
    0.0,
    0.08,
    0.04,
    0.0,
    0.32,
    0.08,
    0.2,
    0.0,
    0.0,
    0.0
  ],
  "final_collision_pairs": [
    0,
    0,
    0,
    0,
    0,
    0,
    0,
    0,
    0,
    0,
    0,
    1,
    0,
    0,
    0,
    0,
    0,
    0,
    0,
    0,
    0,
    0,
    0,
    0,
    0,
    0,
    0,
    0,
    0,
    0,
    0,
    0
  ],
  "max_collision_pairs": [
    1,
    0,
    1,
    0,
    0,
    0,
    0,
    1,
    1,
    0,
    0,
    1,
    1,
    1,
    0,
    0,
    0,
    0,
    1,
    0,
    1,
    0,
    0,
    1,
    1,
    0,
    1,
    1,
    1,
    0,
    0,
    0
  ],
  "attack_summary": {
    "poisoned_action_count": 50295,
    "collection_steps": 31250,
    "mean_effective_probability": 0.1
  }
}