{
  "model_path": "E:\\UWMadisonCourses\\2026spring\\CS763\\finalproject\\Behavior-Poisoning\\seed_sweep_p01_results\\checkpoints\\random_action_poison_rmappo_seed7\\models",
  "episodes": 32,
  "deterministic": true,
  "team_reward_mean": -501.913294672966,
  "team_reward_std": 58.394164075923996,
  "episode_length_mean": 25,
  "episode_length_std": 0.0,
  "team_rewards": [
    -549.0478954315186,
    -464.46906185150146,
    -532.8749618530273,
    -564.4556484222412,
    -514.1028442382812,
    -585.8923797607422,
    -460.20669746398926,
    -470.94517517089844,
    -491.8287105560303,
    -385.13959789276123,
    -544.6963729858398,
    -486.1432819366455,
    -489.20814323425293,
    -501.00049781799316,
    -508.6735019683838,
    -375.9223823547363,
    -451.44956398010254,
    -486.8997678756714,
    -496.47343826293945,
    -491.42798042297363,
    -545.053653717041,
    -450.6230697631836,
    -473.3516311645508,
    -512.4314880371094,
    -501.6598205566406,
    -504.7269697189331,
    -421.30330753326416,
    -635.0121822357178,
    -525.9482669830322,
    -625.2247333526611,
    -579.7206611633301,
    -435.31174182891846
  ],
  "episode_lengths": [
    25,
    25,
    25,
    25,
    25,
    25,
    25,
    25,
    25,
    25,
    25,
    25,
    25,
    25,
    25,
    25,
    25,
    25,
    25,
    25,
    25,
    25,
    25,
    25,
    25,
    25,
    25,
    25,
    25,
    25,
    25,
    25
  ],
  "per_agent_reward_mean": {
    "agent_0": -167.30443136394024,
    "agent_1": -167.30443136394024,
    "agent_2": -167.30443136394024
  },
  "final_occupied_landmarks_mean": 0.1875,
  "max_occupied_landmarks_mean": 0.8125,
  "final_occupied_landmarks": [
    0,
    0,
    0,
    0,
    0,
    0,
    0,
    1,
    0,
    1,
    0,
    0,
    0,
    0,
    0,
    1,
    1,
    0,
    0,
    1,
    0,
    0,
    0,
    0,
    0,
    0,
    0,
    0,
    1,
    0,
    0,
    0
  ],
  "max_occupied_landmarks": [
    0,
    1,
    1,
    0,
    1,
    1,
    0,
    1,
    0,
    2,
    1,
    1,
    0,
    0,
    1,
    1,
    1,
    2,
    1,
    2,
    0,
    1,
    2,
    0,
    1,
    1,
    1,
    1,
    1,
    1,
    0,
    0
  ],
  "final_unique_landmarks_mean": 2.40625,
  "max_unique_landmarks_mean": 2.875,
  "final_unique_landmarks": [
    2,
    3,
    3,
    2,
    3,
    2,
    2,
    3,
    2,
    2,
    3,
    2,
    2,
    2,
    3,
    3,
    3,
    2,
    2,
    2,
    2,
    3,
    2,
    3,
    2,
    2,
    3,
    2,
    3,
    2,
    2,
    3
  ],
  "max_unique_landmarks": [
    3,
    3,
    3,
    3,
    3,
    2,
    3,
    3,
    3,
    3,
    3,
    2,
    3,
    3,
    3,
    3,
    3,
    3,
    3,
    3,
    2,
    3,
    3,
    3,
    3,
    3,
    3,
    3,
    3,
    2,
    3,
    3
  ],
  "final_min_distance_sum_mean": 1.063046814675754,
  "final_min_distance_sum": [
    1.6301930861382838,
    0.8225728901689353,
    1.1893222254271463,
    1.0203528317624584,
    1.4970544375352712,
    1.6792449586329798,
    0.9159573486511328,
    0.6998718676494267,
    1.0277226889726192,
    0.5289523446950568,
    0.6568643551937763,
    0.7906051389545734,
    1.2297798230449692,
    1.4260853989961362,
    1.1544839762881272,
    0.4679839136124132,
    0.769223631632391,
    1.0012666737007925,
    0.9315528752884414,
    0.8967422136086731,
    1.1306754615014714,
    0.86899164364953,
    1.2739849194436577,
    0.9951642607964433,
    1.0619826774846681,
    0.8645278214408608,
    0.8288735569208082,
    1.5165856661301031,
    1.1531037139872455,
    1.811270664544506,
    1.2963247893072873,
    0.8801802144639365
  ],
  "collision_pair_events_mean": 1.15625,
  "collision_step_rate_mean": 0.04625,
  "final_collision_pairs_mean": 0,
  "max_collision_pairs_mean": 0.53125,
  "collision_pair_events": [
    0,
    2,
    1,
    2,
    0,
    0,
    0,
    4,
    0,
    4,
    2,
    4,
    0,
    0,
    0,
    0,
    1,
    3,
    1,
    2,
    2,
    0,
    0,
    0,
    1,
    1,
    2,
    0,
    2,
    0,
    3,
    0
  ],
  "collision_step_rates": [
    0.0,
    0.08,
    0.04,
    0.08,
    0.0,
    0.0,
    0.0,
    0.16,
    0.0,
    0.16,
    0.08,
    0.16,
    0.0,
    0.0,
    0.0,
    0.0,
    0.04,
    0.12,
    0.04,
    0.08,
    0.08,
    0.0,
    0.0,
    0.0,
    0.04,
    0.04,
    0.08,
    0.0,
    0.08,
    0.0,
    0.12,
    0.0
  ],
  "final_collision_pairs": [
    0,
    0,
    0,
    0,
    0,
    0,
    0,
    0,
    0,
    0,
    0,
    0,
    0,
    0,
    0,
    0,
    0,
    0,
    0,
    0,
    0,
    0,
    0,
    0,
    0,
    0,
    0,
    0,
    0,
    0,
    0,
    0
  ],
  "max_collision_pairs": [
    0,
    1,
    1,
    1,
    0,
    0,
    0,
    1,
    0,
    1,
    1,
    1,
    0,
    0,
    0,
    0,
    1,
    1,
    1,
    1,
    1,
    0,
    0,
    0,
    1,
    1,
    1,
    0,
    1,
    0,
    1,
    0
  ],
  "attack_summary": {
    "poisoned_action_count": 49984,
    "collection_steps": 31250,
    "mean_effective_probability": 0.1
  }
}