{
  "model_path": "E:\\UWMadisonCourses\\2026spring\\CS763\\finalproject\\Behavior-Poisoning\\seed_sweep_p01_results\\checkpoints\\random_action_poison_rmappo_seed31\\models",
  "episodes": 32,
  "deterministic": true,
  "team_reward_mean": -509.02688631415367,
  "team_reward_std": 62.232721087062735,
  "episode_length_mean": 25,
  "episode_length_std": 0.0,
  "team_rewards": [
    -487.5870141983032,
    -571.1623439788818,
    -392.3222827911377,
    -625.0142059326172,
    -463.6195602416992,
    -604.9479160308838,
    -549.9302158355713,
    -524.6424617767334,
    -573.5157661437988,
    -528.7112712860107,
    -526.0340938568115,
    -410.4624786376953,
    -479.95987701416016,
    -408.63998889923096,
    -494.31831550598145,
    -601.5613021850586,
    -559.5170974731445,
    -508.37607192993164,
    -521.6679954528809,
    -437.39540100097656,
    -425.95637035369873,
    -487.4342918395996,
    -439.63255310058594,
    -595.8478851318359,
    -486.3777828216553,
    -573.8518714904785,
    -479.23252296447754,
    -513.0821304321289,
    -488.24882888793945,
    -537.8284645080566,
    -567.847484588623,
    -424.1345157623291
  ],
  "episode_lengths": [
    25,
    25,
    25,
    25,
    25,
    25,
    25,
    25,
    25,
    25,
    25,
    25,
    25,
    25,
    25,
    25,
    25,
    25,
    25,
    25,
    25,
    25,
    25,
    25,
    25,
    25,
    25,
    25,
    25,
    25,
    25,
    25
  ],
  "per_agent_reward_mean": {
    "agent_0": -169.6756285727024,
    "agent_1": -169.6756285727024,
    "agent_2": -169.6756285727024
  },
  "final_occupied_landmarks_mean": 0.28125,
  "max_occupied_landmarks_mean": 0.625,
  "final_occupied_landmarks": [
    0,
    0,
    1,
    1,
    1,
    0,
    0,
    0,
    0,
    1,
    0,
    0,
    0,
    1,
    1,
    0,
    0,
    0,
    0,
    0,
    0,
    0,
    1,
    0,
    0,
    0,
    1,
    1,
    0,
    0,
    0,
    0
  ],
  "max_occupied_landmarks": [
    1,
    0,
    2,
    1,
    1,
    0,
    1,
    1,
    1,
    1,
    0,
    1,
    0,
    1,
    1,
    0,
    0,
    0,
    1,
    1,
    0,
    1,
    1,
    0,
    1,
    0,
    1,
    1,
    0,
    0,
    0,
    1
  ],
  "final_unique_landmarks_mean": 2.59375,
  "max_unique_landmarks_mean": 2.84375,
  "final_unique_landmarks": [
    3,
    2,
    3,
    3,
    2,
    3,
    3,
    3,
    2,
    2,
    2,
    3,
    2,
    3,
    3,
    2,
    3,
    2,
    3,
    3,
    3,
    2,
    2,
    2,
    3,
    2,
    3,
    3,
    3,
    2,
    3,
    3
  ],
  "max_unique_landmarks": [
    3,
    2,
    3,
    3,
    3,
    3,
    3,
    3,
    3,
    2,
    3,
    3,
    3,
    3,
    3,
    3,
    3,
    3,
    3,
    3,
    3,
    3,
    2,
    2,
    3,
    3,
    3,
    3,
    3,
    2,
    3,
    3
  ],
  "final_min_distance_sum_mean": 1.0490229055864522,
  "final_min_distance_sum": [
    0.7654486098598633,
    1.3239716349143424,
    0.6980834570235844,
    1.3092542807040657,
    1.013188602223744,
    1.5164015083764761,
    0.8963489076429596,
    1.0489578335629537,
    1.3551692048257278,
    0.9848626799666682,
    1.3049761992706155,
    0.7936765597371996,
    1.2286794636690264,
    0.6401730123315366,
    0.8005522938674419,
    1.5696028050482589,
    1.2686049629498735,
    0.9833306482808897,
    1.0852700298551312,
    0.906523123178804,
    0.7984299670617447,
    1.0990035874778343,
    0.638368547730235,
    0.9092649971617657,
    0.9691893273929821,
    1.1348138705090278,
    0.913623140028156,
    1.2123993633729797,
    1.1149667435587332,
    1.0607192370663192,
    1.3302143619563964,
    0.8946640181611331
  ],
  "collision_pair_events_mean": 1.75,
  "collision_step_rate_mean": 0.07,
  "final_collision_pairs_mean": 0,
  "max_collision_pairs_mean": 0.53125,
  "collision_pair_events": [
    1,
    1,
    4,
    1,
    0,
    0,
    2,
    2,
    5,
    0,
    3,
    0,
    0,
    0,
    13,
    0,
    0,
    4,
    0,
    0,
    0,
    1,
    2,
    6,
    3,
    1,
    5,
    0,
    0,
    2,
    0,
    0
  ],
  "collision_step_rates": [
    0.04,
    0.04,
    0.16,
    0.04,
    0.0,
    0.0,
    0.08,
    0.08,
    0.2,
    0.0,
    0.12,
    0.0,
    0.0,
    0.0,
    0.52,
    0.0,
    0.0,
    0.16,
    0.0,
    0.0,
    0.0,
    0.04,
    0.08,
    0.24,
    0.12,
    0.04,
    0.2,
    0.0,
    0.0,
    0.08,
    0.0,
    0.0
  ],
  "final_collision_pairs": [
    0,
    0,
    0,
    0,
    0,
    0,
    0,
    0,
    0,
    0,
    0,
    0,
    0,
    0,
    0,
    0,
    0,
    0,
    0,
    0,
    0,
    0,
    0,
    0,
    0,
    0,
    0,
    0,
    0,
    0,
    0,
    0
  ],
  "max_collision_pairs": [
    1,
    1,
    1,
    1,
    0,
    0,
    1,
    1,
    1,
    0,
    1,
    0,
    0,
    0,
    1,
    0,
    0,
    1,
    0,
    0,
    0,
    1,
    1,
    1,
    1,
    1,
    1,
    0,
    0,
    1,
    0,
    0
  ],
  "attack_summary": {
    "poisoned_action_count": 49526,
    "collection_steps": 31250,
    "mean_effective_probability": 0.1
  }
}