{
  "model_path": "E:\\UWMadisonCourses\\2026spring\\CS763\\finalproject\\Behavior-Poisoning\\seed_sweep_p01_results\\checkpoints\\random_action_poison_rmappo_seed21\\models",
  "episodes": 32,
  "deterministic": true,
  "team_reward_mean": -496.7733915448189,
  "team_reward_std": 62.85549282567782,
  "episode_length_mean": 25,
  "episode_length_std": 0.0,
  "team_rewards": [
    -519.363639831543,
    -395.69545555114746,
    -431.48326206207275,
    -517.6791830062866,
    -447.32374382019043,
    -517.2370481491089,
    -539.3635101318359,
    -504.64632987976074,
    -615.3649158477783,
    -432.6266746520996,
    -533.8031177520752,
    -494.6357469558716,
    -387.1837329864502,
    -602.0217170715332,
    -542.6900596618652,
    -548.9105205535889,
    -543.8621673583984,
    -445.67234325408936,
    -515.0729160308838,
    -499.64196968078613,
    -512.26194190979,
    -509.10168075561523,
    -498.75426864624023,
    -393.384370803833,
    -481.1679449081421,
    -669.6078510284424,
    -481.7517852783203,
    -469.09192943573,
    -470.41792011260986,
    -393.7940149307251,
    -497.62281799316406,
    -485.5139493942261
  ],
  "episode_lengths": [
    25,
    25,
    25,
    25,
    25,
    25,
    25,
    25,
    25,
    25,
    25,
    25,
    25,
    25,
    25,
    25,
    25,
    25,
    25,
    25,
    25,
    25,
    25,
    25,
    25,
    25,
    25,
    25,
    25,
    25,
    25,
    25
  ],
  "per_agent_reward_mean": {
    "agent_0": -165.59113078564405,
    "agent_1": -165.59113078564405,
    "agent_2": -165.59113078564405
  },
  "final_occupied_landmarks_mean": 0.15625,
  "max_occupied_landmarks_mean": 0.90625,
  "final_occupied_landmarks": [
    0,
    1,
    0,
    0,
    0,
    1,
    0,
    0,
    0,
    0,
    0,
    0,
    0,
    0,
    0,
    1,
    0,
    0,
    1,
    0,
    0,
    0,
    0,
    0,
    0,
    0,
    0,
    0,
    0,
    1,
    0,
    0
  ],
  "max_occupied_landmarks": [
    1,
    1,
    1,
    1,
    1,
    2,
    1,
    1,
    1,
    0,
    0,
    1,
    1,
    0,
    1,
    1,
    0,
    1,
    1,
    1,
    1,
    1,
    1,
    1,
    1,
    1,
    1,
    1,
    1,
    1,
    1,
    1
  ],
  "final_unique_landmarks_mean": 2.28125,
  "max_unique_landmarks_mean": 2.8125,
  "final_unique_landmarks": [
    2,
    3,
    3,
    3,
    3,
    2,
    2,
    2,
    2,
    3,
    2,
    2,
    3,
    3,
    3,
    2,
    2,
    3,
    2,
    3,
    1,
    2,
    3,
    2,
    2,
    1,
    2,
    2,
    2,
    2,
    1,
    3
  ],
  "max_unique_landmarks": [
    3,
    3,
    3,
    3,
    3,
    3,
    2,
    3,
    2,
    3,
    2,
    3,
    3,
    3,
    3,
    3,
    2,
    3,
    3,
    3,
    3,
    3,
    3,
    3,
    3,
    2,
    3,
    3,
    3,
    2,
    3,
    3
  ],
  "final_min_distance_sum_mean": 0.9784760304045004,
  "final_min_distance_sum": [
    1.1468075647895088,
    0.6184188394455137,
    0.5243699845815453,
    0.8696272335892289,
    0.8934887226183805,
    0.7608551332212672,
    1.051151770408517,
    1.0781406146864028,
    1.0917691863824186,
    0.6509400121264665,
    1.049856355982511,
    1.1553857003780175,
    0.6629318513847133,
    1.60753103808144,
    1.1464561193606706,
    0.9706086685008621,
    1.0806953298902837,
    0.884625482143147,
    0.9949921478731627,
    0.9907023235864738,
    1.1565863223419854,
    0.9818784455586758,
    1.182766068685443,
    0.6908093795890982,
    0.8241323978409422,
    1.2662138590621101,
    1.019436298750295,
    1.0512752193028259,
    0.7416008727668012,
    0.6987239467627955,
    1.3573057419180161,
    1.1111503413344932
  ],
  "collision_pair_events_mean": 2.4375,
  "collision_step_rate_mean": 0.09375,
  "final_collision_pairs_mean": 0.03125,
  "max_collision_pairs_mean": 0.75,
  "collision_pair_events": [
    1,
    0,
    2,
    6,
    0,
    6,
    6,
    1,
    9,
    0,
    3,
    1,
    0,
    0,
    1,
    2,
    4,
    2,
    0,
    1,
    0,
    0,
    1,
    2,
    8,
    16,
    1,
    3,
    1,
    0,
    0,
    1
  ],
  "collision_step_rates": [
    0.04,
    0.0,
    0.08,
    0.24,
    0.0,
    0.24,
    0.24,
    0.04,
    0.28,
    0.0,
    0.12,
    0.04,
    0.0,
    0.0,
    0.04,
    0.08,
    0.16,
    0.08,
    0.0,
    0.04,
    0.0,
    0.0,
    0.04,
    0.08,
    0.32,
    0.64,
    0.04,
    0.08,
    0.04,
    0.0,
    0.0,
    0.04
  ],
  "final_collision_pairs": [
    0,
    0,
    0,
    0,
    0,
    0,
    0,
    0,
    0,
    0,
    0,
    0,
    0,
    0,
    0,
    0,
    0,
    0,
    0,
    0,
    0,
    0,
    0,
    0,
    0,
    1,
    0,
    0,
    0,
    0,
    0,
    0
  ],
  "max_collision_pairs": [
    1,
    0,
    1,
    1,
    0,
    1,
    1,
    1,
    2,
    0,
    1,
    1,
    0,
    0,
    1,
    1,
    1,
    1,
    0,
    1,
    0,
    0,
    1,
    1,
    1,
    1,
    1,
    2,
    1,
    0,
    0,
    1
  ],
  "attack_summary": {
    "poisoned_action_count": 50320,
    "collection_steps": 31250,
    "mean_effective_probability": 0.1
  }
}