{
  "model_path": "E:\\UWMadisonCourses\\2026spring\\CS763\\finalproject\\Behavior-Poisoning\\seed_sweep_p01_results\\checkpoints\\targeted_action_poison_rmappo_seed21\\models",
  "episodes": 32,
  "deterministic": true,
  "team_reward_mean": -489.0467080771923,
  "team_reward_std": 69.86203504003527,
  "episode_length_mean": 25,
  "episode_length_std": 0.0,
  "team_rewards": [
    -447.81005477905273,
    -376.59978199005127,
    -474.90723991394043,
    -547.339412689209,
    -443.2157850265503,
    -510.9287061691284,
    -543.3821067810059,
    -505.12990379333496,
    -556.4577827453613,
    -434.3441209793091,
    -497.4631299972534,
    -505.8391532897949,
    -410.75847339630127,
    -695.7121887207031,
    -546.5638065338135,
    -599.7888355255127,
    -571.9294395446777,
    -378.48889923095703,
    -468.3214569091797,
    -544.7110042572021,
    -414.7453308105469,
    -517.4472522735596,
    -490.2407035827637,
    -365.78315353393555,
    -455.459077835083,
    -539.5025081634521,
    -479.27549839019775,
    -490.5456790924072,
    -474.7236499786377,
    -379.79254150390625,
    -497.5874137878418,
    -484.7005672454834
  ],
  "episode_lengths": [
    25,
    25,
    25,
    25,
    25,
    25,
    25,
    25,
    25,
    25,
    25,
    25,
    25,
    25,
    25,
    25,
    25,
    25,
    25,
    25,
    25,
    25,
    25,
    25,
    25,
    25,
    25,
    25,
    25,
    25,
    25,
    25
  ],
  "per_agent_reward_mean": {
    "agent_0": -163.01556915789843,
    "agent_1": -163.01556915789843,
    "agent_2": -163.01556915789843
  },
  "final_occupied_landmarks_mean": 0.1875,
  "max_occupied_landmarks_mean": 0.8125,
  "final_occupied_landmarks": [
    1,
    0,
    0,
    0,
    0,
    0,
    0,
    0,
    0,
    0,
    0,
    0,
    0,
    0,
    0,
    0,
    0,
    1,
    0,
    0,
    0,
    0,
    0,
    0,
    2,
    1,
    0,
    1,
    0,
    0,
    0,
    0
  ],
  "max_occupied_landmarks": [
    1,
    1,
    0,
    1,
    0,
    0,
    1,
    1,
    1,
    1,
    1,
    1,
    0,
    0,
    0,
    0,
    0,
    2,
    1,
    1,
    1,
    1,
    1,
    1,
    2,
    1,
    2,
    1,
    1,
    1,
    1,
    0
  ],
  "final_unique_landmarks_mean": 2.5,
  "max_unique_landmarks_mean": 2.875,
  "final_unique_landmarks": [
    3,
    3,
    2,
    2,
    2,
    2,
    2,
    2,
    2,
    3,
    3,
    3,
    3,
    1,
    3,
    3,
    2,
    3,
    3,
    2,
    2,
    2,
    3,
    3,
    3,
    3,
    3,
    2,
    3,
    3,
    2,
    2
  ],
  "max_unique_landmarks": [
    3,
    3,
    3,
    2,
    3,
    2,
    2,
    3,
    2,
    3,
    3,
    3,
    3,
    3,
    3,
    3,
    3,
    3,
    3,
    3,
    3,
    3,
    3,
    3,
    3,
    3,
    3,
    3,
    3,
    3,
    3,
    3
  ],
  "final_min_distance_sum_mean": 0.8992387306889388,
  "final_min_distance_sum": [
    0.5488766699997413,
    0.5337143075230386,
    1.107833046984409,
    1.147717507986338,
    0.9809799767275164,
    0.5663760846259459,
    1.1201198089153783,
    0.9047611545008704,
    1.3820092991935886,
    0.909886976490601,
    0.8181852819479087,
    1.151684876324372,
    0.8093729420770941,
    1.7808836109901085,
    1.6503863199839923,
    1.1159023429134578,
    0.92837078363298,
    0.32418253840604244,
    0.8506812232506789,
    1.0920015189055146,
    0.6465763273638857,
    0.9813711665268612,
    0.9629878781695622,
    0.4164506699004144,
    0.24010954081807812,
    0.8491564368768566,
    0.49814331596213723,
    0.8729584097246714,
    0.865827936344401,
    0.6975227884531356,
    1.0632824493249675,
    0.9573261912014924
  ],
  "collision_pair_events_mean": 1.6875,
  "collision_step_rate_mean": 0.065,
  "final_collision_pairs_mean": 0,
  "max_collision_pairs_mean": 0.625,
  "collision_pair_events": [
    1,
    0,
    0,
    2,
    0,
    3,
    10,
    3,
    2,
    0,
    2,
    0,
    0,
    4,
    0,
    2,
    4,
    0,
    0,
    2,
    0,
    2,
    1,
    2,
    2,
    0,
    5,
    1,
    2,
    0,
    0,
    4
  ],
  "collision_step_rates": [
    0.04,
    0.0,
    0.0,
    0.08,
    0.0,
    0.12,
    0.32,
    0.12,
    0.08,
    0.0,
    0.08,
    0.0,
    0.0,
    0.16,
    0.0,
    0.08,
    0.16,
    0.0,
    0.0,
    0.08,
    0.0,
    0.08,
    0.04,
    0.08,
    0.08,
    0.0,
    0.2,
    0.04,
    0.08,
    0.0,
    0.0,
    0.16
  ],
  "final_collision_pairs": [
    0,
    0,
    0,
    0,
    0,
    0,
    0,
    0,
    0,
    0,
    0,
    0,
    0,
    0,
    0,
    0,
    0,
    0,
    0,
    0,
    0,
    0,
    0,
    0,
    0,
    0,
    0,
    0,
    0,
    0,
    0,
    0
  ],
  "max_collision_pairs": [
    1,
    0,
    0,
    1,
    0,
    1,
    2,
    1,
    1,
    0,
    1,
    0,
    0,
    1,
    0,
    1,
    1,
    0,
    0,
    1,
    0,
    1,
    1,
    1,
    1,
    0,
    1,
    1,
    1,
    0,
    0,
    1
  ],
  "attack_summary": {
    "poisoned_action_count": 50438,
    "collection_steps": 31250,
    "mean_effective_probability": 0.1
  }
}