{
  "model_path": "E:\\UWMadisonCourses\\2026spring\\CS763\\finalproject\\Behavior-Poisoning\\seed_sweep_p01_results\\checkpoints\\targeted_action_poison_rmappo_seed37\\models",
  "episodes": 32,
  "deterministic": true,
  "team_reward_mean": -468.5344277918339,
  "team_reward_std": 55.83914842456869,
  "episode_length_mean": 25,
  "episode_length_std": 0.0,
  "team_rewards": [
    -530.698320388794,
    -437.20930099487305,
    -522.5965557098389,
    -511.74340438842773,
    -402.37159729003906,
    -432.23155784606934,
    -475.7132568359375,
    -369.4916582107544,
    -401.33340549468994,
    -546.7845458984375,
    -514.9544277191162,
    -473.66858100891113,
    -452.4521713256836,
    -459.83510875701904,
    -485.50787448883057,
    -464.9994354248047,
    -394.42370986938477,
    -566.5747489929199,
    -438.91617584228516,
    -520.5041313171387,
    -438.44359016418457,
    -452.3155393600464,
    -452.7354431152344,
    -478.7396364212036,
    -648.6876373291016,
    -434.42324924468994,
    -458.7824058532715,
    -475.56340885162354,
    -415.27976512908936,
    -410.13112926483154,
    -483.64839458465576,
    -442.3415222167969
  ],
  "episode_lengths": [
    25,
    25,
    25,
    25,
    25,
    25,
    25,
    25,
    25,
    25,
    25,
    25,
    25,
    25,
    25,
    25,
    25,
    25,
    25,
    25,
    25,
    25,
    25,
    25,
    25,
    25,
    25,
    25,
    25,
    25,
    25,
    25
  ],
  "per_agent_reward_mean": {
    "agent_0": -156.178142555058,
    "agent_1": -156.178142555058,
    "agent_2": -156.178142555058
  },
  "final_occupied_landmarks_mean": 0.28125,
  "max_occupied_landmarks_mean": 0.90625,
  "final_occupied_landmarks": [
    1,
    0,
    0,
    0,
    0,
    1,
    0,
    0,
    2,
    0,
    0,
    0,
    0,
    1,
    0,
    0,
    1,
    0,
    1,
    0,
    0,
    0,
    0,
    0,
    0,
    0,
    0,
    1,
    0,
    0,
    1,
    0
  ],
  "max_occupied_landmarks": [
    1,
    0,
    0,
    1,
    2,
    1,
    0,
    1,
    2,
    1,
    1,
    1,
    1,
    1,
    1,
    1,
    1,
    1,
    1,
    0,
    1,
    0,
    1,
    1,
    1,
    1,
    1,
    1,
    1,
    1,
    1,
    1
  ],
  "final_unique_landmarks_mean": 2.625,
  "max_unique_landmarks_mean": 2.96875,
  "final_unique_landmarks": [
    3,
    3,
    2,
    3,
    3,
    3,
    3,
    3,
    2,
    2,
    2,
    3,
    3,
    3,
    2,
    3,
    3,
    1,
    3,
    2,
    2,
    3,
    2,
    2,
    3,
    3,
    3,
    3,
    3,
    3,
    3,
    2
  ],
  "max_unique_landmarks": [
    3,
    3,
    3,
    3,
    3,
    3,
    3,
    3,
    3,
    3,
    3,
    3,
    3,
    3,
    3,
    3,
    3,
    2,
    3,
    3,
    3,
    3,
    3,
    3,
    3,
    3,
    3,
    3,
    3,
    3,
    3,
    3
  ],
  "final_min_distance_sum_mean": 0.812111990543313,
  "final_min_distance_sum": [
    0.6697054055809282,
    0.8408835803110685,
    1.3884256671684496,
    0.9992534854351192,
    0.5681491829505643,
    0.7098430664864578,
    0.979366881219665,
    0.6039685303175888,
    0.5035102558619534,
    1.1426937422785677,
    0.737064459404654,
    0.8414945679413017,
    0.9577316940042353,
    0.42588969408006455,
    1.196342404820395,
    0.9426272873839748,
    0.5849175887510014,
    1.146430771861409,
    0.6403301217193444,
    1.3992270618107354,
    0.6440346704282893,
    0.7937266913795626,
    0.8423664773858368,
    0.5177951762379598,
    0.9970021736221641,
    0.7975106258587997,
    0.5734962228061744,
    0.7529843419337069,
    0.6027713635561209,
    0.693992977077237,
    0.7725139366162346,
    0.7215335910964498
  ],
  "collision_pair_events_mean": 1.40625,
  "collision_step_rate_mean": 0.05375,
  "final_collision_pairs_mean": 0,
  "max_collision_pairs_mean": 0.5,
  "collision_pair_events": [
    2,
    0,
    0,
    5,
    0,
    0,
    2,
    3,
    2,
    0,
    4,
    2,
    0,
    0,
    0,
    5,
    0,
    1,
    0,
    0,
    0,
    0,
    1,
    0,
    11,
    2,
    0,
    0,
    2,
    0,
    3,
    0
  ],
  "collision_step_rates": [
    0.08,
    0.0,
    0.0,
    0.16,
    0.0,
    0.0,
    0.08,
    0.12,
    0.08,
    0.0,
    0.16,
    0.08,
    0.0,
    0.0,
    0.0,
    0.2,
    0.0,
    0.04,
    0.0,
    0.0,
    0.0,
    0.0,
    0.04,
    0.0,
    0.4,
    0.08,
    0.0,
    0.0,
    0.08,
    0.0,
    0.12,
    0.0
  ],
  "final_collision_pairs": [
    0,
    0,
    0,
    0,
    0,
    0,
    0,
    0,
    0,
    0,
    0,
    0,
    0,
    0,
    0,
    0,
    0,
    0,
    0,
    0,
    0,
    0,
    0,
    0,
    0,
    0,
    0,
    0,
    0,
    0,
    0,
    0
  ],
  "max_collision_pairs": [
    1,
    0,
    0,
    2,
    0,
    0,
    1,
    1,
    1,
    0,
    1,
    1,
    0,
    0,
    0,
    1,
    0,
    1,
    0,
    0,
    0,
    0,
    1,
    0,
    2,
    1,
    0,
    0,
    1,
    0,
    1,
    0
  ],
  "attack_summary": {
    "poisoned_action_count": 50237,
    "collection_steps": 31250,
    "mean_effective_probability": 0.1
  }
}