{
  "model_path": "E:\\UWMadisonCourses\\2026spring\\CS763\\finalproject\\Behavior-Poisoning\\seed_sweep_p01_results\\checkpoints\\targeted_action_poison_rmappo_seed7\\models",
  "episodes": 32,
  "deterministic": true,
  "team_reward_mean": -512.8027409911156,
  "team_reward_std": 67.52252307404466,
  "episode_length_mean": 25,
  "episode_length_std": 0.0,
  "team_rewards": [
    -514.61301612854,
    -505.6465492248535,
    -515.1316604614258,
    -508.84992027282715,
    -592.774580001831,
    -601.9172954559326,
    -492.0758647918701,
    -372.81289196014404,
    -573.0556983947754,
    -495.07873249053955,
    -600.2604560852051,
    -502.4746150970459,
    -492.8577346801758,
    -511.6289920806885,
    -417.10398292541504,
    -456.2648220062256,
    -439.86228942871094,
    -470.5675983428955,
    -452.0044746398926,
    -510.9221305847168,
    -511.0807571411133,
    -406.7633419036865,
    -665.2521343231201,
    -647.9425830841064,
    -526.1506500244141,
    -497.60422706604004,
    -450.3939514160156,
    -566.0195388793945,
    -538.9959831237793,
    -483.6843090057373,
    -624.6741237640381,
    -465.222806930542
  ],
  "episode_lengths": [
    25,
    25,
    25,
    25,
    25,
    25,
    25,
    25,
    25,
    25,
    25,
    25,
    25,
    25,
    25,
    25,
    25,
    25,
    25,
    25,
    25,
    25,
    25,
    25,
    25,
    25,
    25,
    25,
    25,
    25,
    25,
    25
  ],
  "per_agent_reward_mean": {
    "agent_0": -170.93424680829048,
    "agent_1": -170.93424680829048,
    "agent_2": -170.93424680829048
  },
  "final_occupied_landmarks_mean": 0.28125,
  "max_occupied_landmarks_mean": 0.625,
  "final_occupied_landmarks": [
    0,
    1,
    0,
    0,
    0,
    0,
    0,
    1,
    0,
    0,
    0,
    0,
    1,
    0,
    1,
    0,
    1,
    0,
    0,
    0,
    1,
    1,
    0,
    0,
    0,
    1,
    0,
    0,
    0,
    1,
    0,
    0
  ],
  "max_occupied_landmarks": [
    0,
    1,
    0,
    1,
    0,
    1,
    0,
    2,
    1,
    0,
    1,
    0,
    1,
    0,
    1,
    0,
    1,
    1,
    0,
    1,
    1,
    2,
    1,
    0,
    0,
    1,
    1,
    0,
    0,
    1,
    0,
    1
  ],
  "final_unique_landmarks_mean": 2.4375,
  "max_unique_landmarks_mean": 2.875,
  "final_unique_landmarks": [
    3,
    3,
    3,
    2,
    2,
    2,
    2,
    3,
    2,
    3,
    2,
    3,
    3,
    3,
    3,
    3,
    2,
    3,
    2,
    3,
    2,
    3,
    2,
    2,
    3,
    2,
    2,
    3,
    1,
    2,
    2,
    2
  ],
  "max_unique_landmarks": [
    3,
    3,
    3,
    3,
    3,
    2,
    3,
    3,
    3,
    3,
    2,
    3,
    3,
    3,
    3,
    3,
    3,
    3,
    3,
    3,
    2,
    3,
    3,
    3,
    3,
    3,
    3,
    3,
    3,
    3,
    2,
    3
  ],
  "final_min_distance_sum_mean": 1.1554749098592454,
  "final_min_distance_sum": [
    0.7909860342995823,
    0.846599804383759,
    1.1460810411695257,
    1.15700653509507,
    1.721788883487352,
    1.6269758247801556,
    1.1781403962613164,
    0.4183793468316429,
    1.7573910075721269,
    0.7127099837432045,
    1.5255441086124732,
    1.1780135374487304,
    0.9481404713234731,
    1.3835740189694479,
    0.489721931609888,
    1.0216009161226327,
    0.8274780266955472,
    0.6408604264593872,
    1.0233496616943585,
    1.3714873285768783,
    0.9167885211814354,
    0.5031360761908017,
    2.141699797554604,
    2.577664431518505,
    1.2563350473044164,
    0.9099410333285844,
    0.8471656489654689,
    1.2105354861603768,
    1.5789375192676447,
    0.6183602422048823,
    1.653950159756655,
    0.9948538669259238
  ],
  "collision_pair_events_mean": 2,
  "collision_step_rate_mean": 0.08,
  "final_collision_pairs_mean": 0.0625,
  "max_collision_pairs_mean": 0.5625,
  "collision_pair_events": [
    0,
    2,
    0,
    0,
    0,
    3,
    0,
    0,
    1,
    6,
    0,
    4,
    1,
    0,
    0,
    2,
    0,
    0,
    2,
    3,
    0,
    0,
    10,
    6,
    1,
    1,
    4,
    2,
    5,
    8,
    3,
    0
  ],
  "collision_step_rates": [
    0.0,
    0.08,
    0.0,
    0.0,
    0.0,
    0.12,
    0.0,
    0.0,
    0.04,
    0.24,
    0.0,
    0.16,
    0.04,
    0.0,
    0.0,
    0.08,
    0.0,
    0.0,
    0.08,
    0.12,
    0.0,
    0.0,
    0.4,
    0.24,
    0.04,
    0.04,
    0.16,
    0.08,
    0.2,
    0.32,
    0.12,
    0.0
  ],
  "final_collision_pairs": [
    0,
    0,
    0,
    0,
    0,
    0,
    0,
    0,
    0,
    0,
    0,
    0,
    0,
    0,
    0,
    0,
    0,
    0,
    0,
    0,
    0,
    0,
    0,
    0,
    0,
    0,
    1,
    0,
    0,
    1,
    0,
    0
  ],
  "max_collision_pairs": [
    0,
    1,
    0,
    0,
    0,
    1,
    0,
    0,
    1,
    1,
    0,
    1,
    1,
    0,
    0,
    1,
    0,
    0,
    1,
    1,
    0,
    0,
    1,
    1,
    1,
    1,
    1,
    1,
    1,
    1,
    1,
    0
  ],
  "attack_summary": {
    "poisoned_action_count": 49956,
    "collection_steps": 31250,
    "mean_effective_probability": 0.1
  }
}