{
  "model_path": "E:\\UWMadisonCourses\\2026spring\\CS763\\finalproject\\Behavior-Poisoning\\seed_sweep_p01_results\\checkpoints\\targeted_action_poison_rmappo_seed13\\models",
  "episodes": 32,
  "deterministic": true,
  "team_reward_mean": -496.1941978633404,
  "team_reward_std": 65.0233231779808,
  "episode_length_mean": 25,
  "episode_length_std": 0.0,
  "team_rewards": [
    -537.8951530456543,
    -434.4670343399048,
    -510.05938720703125,
    -397.5338296890259,
    -538.1901683807373,
    -492.3413562774658,
    -435.357572555542,
    -552.875358581543,
    -477.67073154449463,
    -389.945592880249,
    -361.1936836242676,
    -522.0362777709961,
    -469.6763095855713,
    -527.1513423919678,
    -412.5226469039917,
    -458.8494472503662,
    -485.8853225708008,
    -530.2815971374512,
    -537.8496265411377,
    -465.8184242248535,
    -449.7955570220947,
    -596.9529514312744,
    -561.3735179901123,
    -585.5576305389404,
    -533.5269546508789,
    -463.4313144683838,
    -496.64438819885254,
    -558.2833194732666,
    -633.9181575775146,
    -561.3653812408447,
    -514.1270847320557,
    -385.6372117996216
  ],
  "episode_lengths": [
    25,
    25,
    25,
    25,
    25,
    25,
    25,
    25,
    25,
    25,
    25,
    25,
    25,
    25,
    25,
    25,
    25,
    25,
    25,
    25,
    25,
    25,
    25,
    25,
    25,
    25,
    25,
    25,
    25,
    25,
    25,
    25
  ],
  "per_agent_reward_mean": {
    "agent_0": -165.39806593954563,
    "agent_1": -165.39806593954563,
    "agent_2": -165.39806593954563
  },
  "final_occupied_landmarks_mean": 0.15625,
  "max_occupied_landmarks_mean": 0.75,
  "final_occupied_landmarks": [
    0,
    0,
    0,
    0,
    0,
    0,
    0,
    0,
    0,
    1,
    1,
    0,
    0,
    0,
    1,
    0,
    1,
    0,
    0,
    0,
    0,
    0,
    0,
    0,
    0,
    0,
    0,
    0,
    0,
    0,
    0,
    1
  ],
  "max_occupied_landmarks": [
    0,
    1,
    0,
    1,
    1,
    1,
    1,
    1,
    1,
    2,
    2,
    1,
    1,
    1,
    2,
    0,
    1,
    1,
    1,
    0,
    0,
    0,
    1,
    1,
    0,
    1,
    0,
    1,
    0,
    0,
    0,
    1
  ],
  "final_unique_landmarks_mean": 2.53125,
  "max_unique_landmarks_mean": 3,
  "final_unique_landmarks": [
    3,
    3,
    3,
    3,
    3,
    3,
    3,
    3,
    3,
    3,
    3,
    2,
    1,
    1,
    2,
    3,
    3,
    3,
    3,
    2,
    2,
    3,
    3,
    1,
    3,
    3,
    2,
    2,
    1,
    3,
    2,
    3
  ],
  "max_unique_landmarks": [
    3,
    3,
    3,
    3,
    3,
    3,
    3,
    3,
    3,
    3,
    3,
    3,
    3,
    3,
    3,
    3,
    3,
    3,
    3,
    3,
    3,
    3,
    3,
    3,
    3,
    3,
    3,
    3,
    3,
    3,
    3,
    3
  ],
  "final_min_distance_sum_mean": 1.080791757282629,
  "final_min_distance_sum": [
    1.3327032566988664,
    0.8914979491587234,
    1.3488493298757254,
    0.7745543793966998,
    1.1720292854861347,
    0.915860366217125,
    0.7334791407001191,
    1.5331220672056216,
    0.770349587563551,
    0.7047854671341138,
    0.36660283472564414,
    1.1283604012246577,
    1.02222516739988,
    1.2790481996601397,
    0.8150652977033774,
    0.9164241343131402,
    0.8612198466192417,
    1.2447696935064707,
    0.932804741035606,
    1.0598611276733965,
    0.974367452555889,
    1.6230639054635008,
    1.631082581191459,
    1.63686206641535,
    1.0318855587147817,
    0.7515146540817012,
    1.584114776420229,
    1.0826708355458787,
    1.521403771438376,
    1.2186681085072,
    1.215241122786578,
    0.5108491266249533
  ],
  "collision_pair_events_mean": 1.46875,
  "collision_step_rate_mean": 0.0575,
  "final_collision_pairs_mean": 0,
  "max_collision_pairs_mean": 0.5625,
  "collision_pair_events": [
    2,
    1,
    0,
    0,
    0,
    0,
    1,
    0,
    2,
    2,
    0,
    2,
    1,
    2,
    0,
    0,
    4,
    0,
    6,
    2,
    0,
    0,
    0,
    8,
    1,
    0,
    0,
    4,
    0,
    3,
    3,
    3
  ],
  "collision_step_rates": [
    0.08,
    0.04,
    0.0,
    0.0,
    0.0,
    0.0,
    0.04,
    0.0,
    0.08,
    0.08,
    0.0,
    0.04,
    0.04,
    0.08,
    0.0,
    0.0,
    0.16,
    0.0,
    0.24,
    0.08,
    0.0,
    0.0,
    0.0,
    0.32,
    0.04,
    0.0,
    0.0,
    0.16,
    0.0,
    0.12,
    0.12,
    0.12
  ],
  "final_collision_pairs": [
    0,
    0,
    0,
    0,
    0,
    0,
    0,
    0,
    0,
    0,
    0,
    0,
    0,
    0,
    0,
    0,
    0,
    0,
    0,
    0,
    0,
    0,
    0,
    0,
    0,
    0,
    0,
    0,
    0,
    0,
    0,
    0
  ],
  "max_collision_pairs": [
    1,
    1,
    0,
    0,
    0,
    0,
    1,
    0,
    1,
    1,
    0,
    2,
    1,
    1,
    0,
    0,
    1,
    0,
    1,
    1,
    0,
    0,
    0,
    1,
    1,
    0,
    0,
    1,
    0,
    1,
    1,
    1
  ],
  "attack_summary": {
    "poisoned_action_count": 50307,
    "collection_steps": 31250,
    "mean_effective_probability": 0.1
  }
}