{
  "model_path": "E:\\UWMadisonCourses\\2026spring\\CS763\\finalproject\\Behavior-Poisoning\\seed_sweep_p01_results\\checkpoints\\targeted_action_poison_rmappo_seed31\\models",
  "episodes": 32,
  "deterministic": true,
  "team_reward_mean": -477.73191568255424,
  "team_reward_std": 62.769862734656364,
  "episode_length_mean": 25,
  "episode_length_std": 0.0,
  "team_rewards": [
    -519.2683353424072,
    -509.68910217285156,
    -446.89546489715576,
    -586.007999420166,
    -563.0972690582275,
    -545.6778373718262,
    -485.55541610717773,
    -422.11558532714844,
    -557.9417934417725,
    -459.1997985839844,
    -553.7811412811279,
    -406.19466495513916,
    -484.1795597076416,
    -386.2501382827759,
    -373.6412353515625,
    -599.7739582061768,
    -456.29576873779297,
    -411.4524097442627,
    -441.52265548706055,
    -441.1116542816162,
    -514.839391708374,
    -492.71117401123047,
    -423.40717697143555,
    -542.5160160064697,
    -446.4303493499756,
    -495.538366317749,
    -454.86427879333496,
    -354.6577444076538,
    -443.2595272064209,
    -478.07914447784424,
    -561.7895832061768,
    -429.67676162719727
  ],
  "episode_lengths": [
    25,
    25,
    25,
    25,
    25,
    25,
    25,
    25,
    25,
    25,
    25,
    25,
    25,
    25,
    25,
    25,
    25,
    25,
    25,
    25,
    25,
    25,
    25,
    25,
    25,
    25,
    25,
    25,
    25,
    25,
    25,
    25
  ],
  "per_agent_reward_mean": {
    "agent_0": -159.24397169053555,
    "agent_1": -159.24397169053555,
    "agent_2": -159.24397169053555
  },
  "final_occupied_landmarks_mean": 0.1875,
  "max_occupied_landmarks_mean": 0.875,
  "final_occupied_landmarks": [
    0,
    0,
    0,
    0,
    0,
    0,
    0,
    0,
    0,
    0,
    0,
    1,
    0,
    0,
    0,
    0,
    0,
    0,
    0,
    0,
    0,
    0,
    0,
    0,
    0,
    0,
    1,
    2,
    0,
    1,
    0,
    1
  ],
  "max_occupied_landmarks": [
    0,
    1,
    1,
    1,
    0,
    1,
    1,
    1,
    1,
    1,
    0,
    2,
    1,
    1,
    1,
    0,
    1,
    1,
    1,
    0,
    1,
    1,
    1,
    1,
    0,
    0,
    1,
    2,
    0,
    3,
    1,
    1
  ],
  "final_unique_landmarks_mean": 2.53125,
  "max_unique_landmarks_mean": 2.875,
  "final_unique_landmarks": [
    3,
    2,
    3,
    2,
    2,
    2,
    3,
    3,
    2,
    2,
    2,
    3,
    2,
    3,
    3,
    2,
    3,
    3,
    2,
    3,
    3,
    2,
    3,
    1,
    3,
    3,
    2,
    3,
    2,
    3,
    3,
    3
  ],
  "max_unique_landmarks": [
    3,
    2,
    3,
    3,
    3,
    3,
    3,
    3,
    3,
    3,
    2,
    3,
    2,
    3,
    3,
    2,
    3,
    3,
    3,
    3,
    3,
    3,
    3,
    3,
    3,
    3,
    3,
    3,
    3,
    3,
    3,
    3
  ],
  "final_min_distance_sum_mean": 0.8812118719050274,
  "final_min_distance_sum": [
    1.0595333509127522,
    1.0162279124614062,
    0.52712996202187,
    1.215047263673991,
    1.2020177923625595,
    0.9296484162033065,
    0.8364669957087565,
    0.6147643794983002,
    1.2869828557042415,
    0.7897905948265179,
    0.7995506220542652,
    0.39129404320709704,
    1.152084433930784,
    0.6876102108348314,
    0.5844256219316089,
    1.12621010679132,
    0.4270781265957769,
    0.6616028955469727,
    0.8063406154932211,
    0.6097199395014901,
    1.1781969882021346,
    1.1785920083613581,
    0.7030874743677167,
    1.0883480977110935,
    0.72047784351805,
    1.3220222355315592,
    1.010483693357548,
    0.5025408022625764,
    1.0325031165117116,
    0.5683304031599045,
    1.6304104890213895,
    0.5402606096947649
  ],
  "collision_pair_events_mean": 0.90625,
  "collision_step_rate_mean": 0.03625,
  "final_collision_pairs_mean": 0,
  "max_collision_pairs_mean": 0.40625,
  "collision_pair_events": [
    1,
    2,
    6,
    0,
    2,
    5,
    0,
    0,
    1,
    1,
    3,
    0,
    0,
    0,
    0,
    0,
    0,
    0,
    0,
    0,
    1,
    0,
    0,
    2,
    2,
    0,
    0,
    0,
    0,
    1,
    2,
    0
  ],
  "collision_step_rates": [
    0.04,
    0.08,
    0.24,
    0.0,
    0.08,
    0.2,
    0.0,
    0.0,
    0.04,
    0.04,
    0.12,
    0.0,
    0.0,
    0.0,
    0.0,
    0.0,
    0.0,
    0.0,
    0.0,
    0.0,
    0.04,
    0.0,
    0.0,
    0.08,
    0.08,
    0.0,
    0.0,
    0.0,
    0.0,
    0.04,
    0.08,
    0.0
  ],
  "final_collision_pairs": [
    0,
    0,
    0,
    0,
    0,
    0,
    0,
    0,
    0,
    0,
    0,
    0,
    0,
    0,
    0,
    0,
    0,
    0,
    0,
    0,
    0,
    0,
    0,
    0,
    0,
    0,
    0,
    0,
    0,
    0,
    0,
    0
  ],
  "max_collision_pairs": [
    1,
    1,
    1,
    0,
    1,
    1,
    0,
    0,
    1,
    1,
    1,
    0,
    0,
    0,
    0,
    0,
    0,
    0,
    0,
    0,
    1,
    0,
    0,
    1,
    1,
    0,
    0,
    0,
    0,
    1,
    1,
    0
  ],
  "attack_summary": {
    "poisoned_action_count": 49609,
    "collection_steps": 31250,
    "mean_effective_probability": 0.1
  }
}