{
  "model_path": "E:\\UWMadisonCourses\\2026spring\\CS763\\finalproject\\Behavior-Poisoning\\seed_sweep_p02_results\\checkpoints\\clean_rmappo_seed13\\models",
  "episodes": 32,
  "deterministic": true,
  "team_reward_mean": -494.94591251015663,
  "team_reward_std": 61.42738951908239,
  "episode_length_mean": 25,
  "episode_length_std": 0.0,
  "team_rewards": [
    -447.79288482666016,
    -427.93635272979736,
    -475.34019660949707,
    -432.3469924926758,
    -568.1875743865967,
    -398.4641761779785,
    -468.4942150115967,
    -564.6707878112793,
    -484.45153999328613,
    -374.3988428115845,
    -484.25480461120605,
    -516.9167175292969,
    -435.1054992675781,
    -453.1962003707886,
    -515.3459930419922,
    -454.3576202392578,
    -524.3893508911133,
    -601.7972812652588,
    -501.98177337646484,
    -544.7441482543945,
    -424.1626329421997,
    -552.3243274688721,
    -556.0116996765137,
    -606.3298282623291,
    -533.5795249938965,
    -422.94447135925293,
    -566.0725631713867,
    -501.2650394439697,
    -522.2008743286133,
    -507.37195205688477,
    -571.8866577148438,
    -399.9466772079468
  ],
  "episode_lengths": [
    25,
    25,
    25,
    25,
    25,
    25,
    25,
    25,
    25,
    25,
    25,
    25,
    25,
    25,
    25,
    25,
    25,
    25,
    25,
    25,
    25,
    25,
    25,
    25,
    25,
    25,
    25,
    25,
    25,
    25,
    25,
    25
  ],
  "per_agent_reward_mean": {
    "agent_0": -164.98197082430124,
    "agent_1": -164.98197082430124,
    "agent_2": -164.98197082430124
  },
  "final_occupied_landmarks_mean": 0.15625,
  "max_occupied_landmarks_mean": 0.84375,
  "final_occupied_landmarks": [
    0,
    0,
    0,
    0,
    0,
    0,
    0,
    0,
    0,
    0,
    1,
    0,
    1,
    0,
    0,
    1,
    0,
    0,
    0,
    0,
    0,
    0,
    0,
    0,
    0,
    0,
    0,
    0,
    1,
    0,
    0,
    1
  ],
  "max_occupied_landmarks": [
    0,
    1,
    1,
    0,
    1,
    0,
    1,
    1,
    1,
    1,
    1,
    1,
    2,
    2,
    1,
    1,
    1,
    0,
    1,
    0,
    2,
    1,
    0,
    0,
    0,
    2,
    1,
    0,
    2,
    1,
    0,
    1
  ],
  "final_unique_landmarks_mean": 2.46875,
  "max_unique_landmarks_mean": 2.90625,
  "final_unique_landmarks": [
    3,
    3,
    3,
    3,
    2,
    3,
    2,
    3,
    2,
    3,
    3,
    2,
    3,
    1,
    1,
    3,
    2,
    3,
    3,
    2,
    3,
    3,
    2,
    3,
    3,
    2,
    3,
    3,
    1,
    2,
    2,
    2
  ],
  "max_unique_landmarks": [
    3,
    3,
    3,
    3,
    3,
    3,
    3,
    3,
    3,
    3,
    3,
    3,
    3,
    3,
    2,
    3,
    2,
    3,
    3,
    2,
    3,
    3,
    3,
    3,
    3,
    3,
    3,
    3,
    3,
    3,
    3,
    3
  ],
  "final_min_distance_sum_mean": 1.0396145311974831,
  "final_min_distance_sum": [
    0.9025041939169494,
    0.8599183579066146,
    0.9818807823343179,
    0.9456407621371518,
    1.369389838450103,
    0.5685251681595807,
    1.1320932864227475,
    1.2644450541382537,
    0.9554995803206381,
    0.6116150573746291,
    1.0967574031858296,
    1.0431392796773984,
    0.49089291948991687,
    0.8190222592831475,
    1.406265683396839,
    0.9449016071811043,
    1.1908634823465023,
    1.5554427661954748,
    0.7957697024708525,
    1.1585283840803946,
    0.9031978213046077,
    1.4044985871473943,
    1.6369379393958474,
    1.3307995804884813,
    0.9397513890072302,
    0.9602593211414525,
    1.178068791247843,
    0.8508632075497817,
    1.041427095116966,
    1.3109241436815218,
    1.100905945644454,
    0.5169356081254345
  ],
  "collision_pair_events_mean": 1.75,
  "collision_step_rate_mean": 0.06875,
  "final_collision_pairs_mean": 0.03125,
  "max_collision_pairs_mean": 0.6875,
  "collision_pair_events": [
    0,
    0,
    0,
    0,
    0,
    0,
    2,
    2,
    3,
    0,
    2,
    2,
    3,
    2,
    1,
    0,
    4,
    4,
    1,
    3,
    6,
    0,
    0,
    5,
    1,
    0,
    6,
    2,
    2,
    1,
    3,
    1
  ],
  "collision_step_rates": [
    0.0,
    0.0,
    0.0,
    0.0,
    0.0,
    0.0,
    0.08,
    0.08,
    0.12,
    0.0,
    0.08,
    0.08,
    0.12,
    0.08,
    0.04,
    0.0,
    0.16,
    0.16,
    0.04,
    0.12,
    0.2,
    0.0,
    0.0,
    0.2,
    0.04,
    0.0,
    0.24,
    0.08,
    0.08,
    0.04,
    0.12,
    0.04
  ],
  "final_collision_pairs": [
    0,
    0,
    0,
    0,
    0,
    0,
    0,
    0,
    0,
    0,
    0,
    0,
    0,
    0,
    0,
    0,
    0,
    0,
    0,
    0,
    0,
    0,
    0,
    0,
    0,
    0,
    0,
    0,
    0,
    0,
    0,
    1
  ],
  "max_collision_pairs": [
    0,
    0,
    0,
    0,
    0,
    0,
    1,
    1,
    1,
    0,
    1,
    1,
    1,
    1,
    1,
    0,
    1,
    1,
    1,
    1,
    2,
    0,
    0,
    1,
    1,
    0,
    1,
    1,
    1,
    1,
    1,
    1
  ]
}