{
  "model_path": "E:\\UWMadisonCourses\\2026spring\\CS763\\finalproject\\Behavior-Poisoning\\seed_sweep_p02_results\\checkpoints\\kl_targeted_action_poison_rmappo_seed31\\models",
  "episodes": 32,
  "deterministic": true,
  "team_reward_mean": -500.7844737768173,
  "team_reward_std": 63.95941697483598,
  "episode_length_mean": 25,
  "episode_length_std": 0.0,
  "team_rewards": [
    -491.3985824584961,
    -547.5207595825195,
    -462.68229484558105,
    -621.0289764404297,
    -669.4125213623047,
    -561.6572360992432,
    -579.1390247344971,
    -444.5422592163086,
    -517.706844329834,
    -494.3453197479248,
    -574.9942245483398,
    -512.6105117797852,
    -471.3654260635376,
    -398.6044692993164,
    -510.30964279174805,
    -550.4766006469727,
    -483.648455619812,
    -482.0201663970947,
    -446.4855422973633,
    -461.8078317642212,
    -516.2698230743408,
    -529.3365821838379,
    -425.1227264404297,
    -555.0601921081543,
    -395.36060523986816,
    -521.5893592834473,
    -406.3038454055786,
    -439.77577686309814,
    -455.0978183746338,
    -541.6171417236328,
    -540.9220962524414,
    -416.8905038833618
  ],
  "episode_lengths": [
    25,
    25,
    25,
    25,
    25,
    25,
    25,
    25,
    25,
    25,
    25,
    25,
    25,
    25,
    25,
    25,
    25,
    25,
    25,
    25,
    25,
    25,
    25,
    25,
    25,
    25,
    25,
    25,
    25,
    25,
    25,
    25
  ],
  "per_agent_reward_mean": {
    "agent_0": -166.92815773189068,
    "agent_1": -166.92815773189068,
    "agent_2": -166.92815773189068
  },
  "final_occupied_landmarks_mean": 0.125,
  "max_occupied_landmarks_mean": 0.9375,
  "final_occupied_landmarks": [
    0,
    0,
    0,
    1,
    0,
    0,
    0,
    0,
    0,
    0,
    1,
    0,
    0,
    0,
    0,
    0,
    0,
    0,
    0,
    0,
    0,
    0,
    1,
    0,
    0,
    0,
    1,
    0,
    0,
    0,
    0,
    0
  ],
  "max_occupied_landmarks": [
    1,
    0,
    1,
    1,
    1,
    1,
    0,
    2,
    0,
    1,
    2,
    1,
    1,
    1,
    1,
    1,
    2,
    1,
    1,
    1,
    1,
    0,
    1,
    2,
    1,
    0,
    2,
    1,
    0,
    1,
    1,
    0
  ],
  "final_unique_landmarks_mean": 2.53125,
  "max_unique_landmarks_mean": 2.875,
  "final_unique_landmarks": [
    2,
    1,
    3,
    3,
    2,
    3,
    2,
    2,
    3,
    2,
    3,
    3,
    2,
    3,
    3,
    3,
    3,
    2,
    3,
    2,
    2,
    2,
    2,
    3,
    3,
    3,
    3,
    3,
    3,
    2,
    2,
    3
  ],
  "max_unique_landmarks": [
    2,
    2,
    3,
    3,
    3,
    3,
    3,
    3,
    3,
    2,
    3,
    3,
    3,
    3,
    3,
    3,
    3,
    3,
    3,
    3,
    3,
    3,
    3,
    3,
    3,
    3,
    3,
    3,
    3,
    2,
    3,
    3
  ],
  "final_min_distance_sum_mean": 1.0100693936448921,
  "final_min_distance_sum": [
    0.9346583963241906,
    1.1284670053395278,
    0.5549236017265575,
    1.3894793472585327,
    1.669118421026612,
    0.9454982318548031,
    1.3836170139061745,
    0.8757640671069065,
    0.9492515151473404,
    0.9692837544055165,
    1.0908940650857677,
    1.2922659344258318,
    0.8073220253573403,
    0.7847348190888764,
    1.12649353638958,
    0.9835669942573707,
    1.4467187431632467,
    1.1399975807282527,
    0.9380680454421244,
    0.777625719459939,
    1.3025572965931842,
    1.066102920361056,
    0.6531665511894763,
    0.8677940461018737,
    0.6969686293971464,
    1.2022717476031461,
    0.48346542705663714,
    0.9492084375330981,
    0.9346024626039876,
    0.8318514995467126,
    1.2528482483956271,
    0.8936345127601135
  ],
  "collision_pair_events_mean": 2.9375,
  "collision_step_rate_mean": 0.11750000000000001,
  "final_collision_pairs_mean": 0.03125,
  "max_collision_pairs_mean": 0.625,
  "collision_pair_events": [
    1,
    2,
    6,
    0,
    11,
    7,
    6,
    2,
    1,
    0,
    5,
    0,
    6,
    0,
    4,
    0,
    0,
    0,
    0,
    9,
    1,
    5,
    7,
    11,
    1,
    0,
    3,
    0,
    0,
    4,
    2,
    0
  ],
  "collision_step_rates": [
    0.04,
    0.08,
    0.24,
    0.0,
    0.44,
    0.28,
    0.24,
    0.08,
    0.04,
    0.0,
    0.2,
    0.0,
    0.24,
    0.0,
    0.16,
    0.0,
    0.0,
    0.0,
    0.0,
    0.36,
    0.04,
    0.2,
    0.28,
    0.44,
    0.04,
    0.0,
    0.12,
    0.0,
    0.0,
    0.16,
    0.08,
    0.0
  ],
  "final_collision_pairs": [
    0,
    0,
    0,
    0,
    0,
    0,
    0,
    0,
    0,
    0,
    0,
    0,
    0,
    0,
    0,
    0,
    0,
    0,
    0,
    1,
    0,
    0,
    0,
    0,
    0,
    0,
    0,
    0,
    0,
    0,
    0,
    0
  ],
  "max_collision_pairs": [
    1,
    1,
    1,
    0,
    1,
    1,
    1,
    1,
    1,
    0,
    1,
    0,
    1,
    0,
    1,
    0,
    0,
    0,
    0,
    1,
    1,
    1,
    1,
    1,
    1,
    0,
    1,
    0,
    0,
    1,
    1,
    0
  ],
  "attack_summary": {
    "poisoned_action_count": 34513,
    "collection_steps": 31250,
    "mean_effective_probability": 0.06984321668682313
  }
}