{
  "model_path": "E:\\UWMadisonCourses\\2026spring\\CS763\\finalproject\\Behavior-Poisoning\\seed_sweep_p02_results\\checkpoints\\kl_targeted_action_poison_rmappo_seed13\\models",
  "episodes": 32,
  "deterministic": true,
  "team_reward_mean": -502.63381204009056,
  "team_reward_std": 62.380576900810254,
  "episode_length_mean": 25,
  "episode_length_std": 0.0,
  "team_rewards": [
    -487.86733627319336,
    -427.432315826416,
    -517.6291275024414,
    -402.19771575927734,
    -604.9677772521973,
    -467.3072814941406,
    -464.89634799957275,
    -581.0832214355469,
    -463.31704902648926,
    -380.78776836395264,
    -472.1038341522217,
    -498.4053544998169,
    -452.82067108154297,
    -566.2444725036621,
    -457.19537448883057,
    -443.9105682373047,
    -455.18988704681396,
    -600.6016712188721,
    -501.31898021698,
    -530.5584144592285,
    -433.0624647140503,
    -633.3794898986816,
    -555.7172164916992,
    -485.54203701019287,
    -506.54628562927246,
    -458.5285873413086,
    -581.6476879119873,
    -494.5194673538208,
    -525.7478046417236,
    -560.3318004608154,
    -598.0524158477783,
    -475.3715591430664
  ],
  "episode_lengths": [
    25,
    25,
    25,
    25,
    25,
    25,
    25,
    25,
    25,
    25,
    25,
    25,
    25,
    25,
    25,
    25,
    25,
    25,
    25,
    25,
    25,
    25,
    25,
    25,
    25,
    25,
    25,
    25,
    25,
    25,
    25,
    25
  ],
  "per_agent_reward_mean": {
    "agent_0": -167.54460383951664,
    "agent_1": -167.54460383951664,
    "agent_2": -167.54460383951664
  },
  "final_occupied_landmarks_mean": 0.15625,
  "max_occupied_landmarks_mean": 0.84375,
  "final_occupied_landmarks": [
    0,
    1,
    0,
    0,
    0,
    0,
    0,
    0,
    0,
    0,
    0,
    0,
    0,
    1,
    0,
    2,
    0,
    0,
    0,
    0,
    0,
    0,
    0,
    1,
    0,
    0,
    0,
    0,
    0,
    0,
    0,
    0
  ],
  "max_occupied_landmarks": [
    1,
    1,
    1,
    1,
    1,
    1,
    0,
    1,
    1,
    2,
    1,
    1,
    1,
    1,
    1,
    2,
    2,
    0,
    0,
    0,
    1,
    0,
    1,
    1,
    1,
    0,
    0,
    1,
    2,
    1,
    0,
    0
  ],
  "final_unique_landmarks_mean": 2.53125,
  "max_unique_landmarks_mean": 2.9375,
  "final_unique_landmarks": [
    2,
    2,
    2,
    3,
    2,
    2,
    3,
    3,
    2,
    3,
    2,
    3,
    3,
    3,
    2,
    3,
    3,
    3,
    3,
    3,
    3,
    3,
    2,
    2,
    2,
    3,
    3,
    3,
    2,
    2,
    1,
    3
  ],
  "max_unique_landmarks": [
    3,
    3,
    3,
    3,
    3,
    2,
    3,
    3,
    3,
    3,
    3,
    3,
    3,
    3,
    3,
    3,
    3,
    3,
    3,
    3,
    3,
    3,
    3,
    3,
    3,
    3,
    3,
    3,
    3,
    3,
    2,
    3
  ],
  "final_min_distance_sum_mean": 1.0519383379685392,
  "final_min_distance_sum": [
    1.0845255973542278,
    0.6794290435292236,
    1.2831355509659204,
    0.7328844319949999,
    1.338421372907014,
    0.8348276620015576,
    0.7620896896978033,
    1.1438306004284218,
    1.026119231188636,
    0.725107031388796,
    1.046053367756172,
    0.9420349572450744,
    1.0380343644425007,
    0.9226470941694014,
    1.1205959600322557,
    0.6416906354256212,
    1.1383667537402196,
    1.6854181290576773,
    0.8538163193273794,
    1.0485679644631376,
    0.7496071066024974,
    1.5756010704036174,
    1.3143205777044158,
    0.5805778234153167,
    1.080464388416464,
    1.1203833758656394,
    1.099100666174645,
    0.9940976965277784,
    1.3507951141862609,
    1.4955054250213926,
    1.4787112957423003,
    0.7752665178168883
  ],
  "collision_pair_events_mean": 2.8125,
  "collision_step_rate_mean": 0.11125,
  "final_collision_pairs_mean": 0.03125,
  "max_collision_pairs_mean": 0.84375,
  "collision_pair_events": [
    4,
    7,
    3,
    0,
    1,
    5,
    0,
    2,
    1,
    0,
    2,
    6,
    2,
    5,
    1,
    1,
    2,
    0,
    4,
    0,
    3,
    1,
    1,
    4,
    1,
    0,
    6,
    9,
    3,
    5,
    4,
    7
  ],
  "collision_step_rates": [
    0.16,
    0.28,
    0.12,
    0.0,
    0.04,
    0.2,
    0.0,
    0.08,
    0.04,
    0.0,
    0.08,
    0.24,
    0.08,
    0.2,
    0.04,
    0.04,
    0.08,
    0.0,
    0.16,
    0.0,
    0.12,
    0.04,
    0.04,
    0.16,
    0.04,
    0.0,
    0.24,
    0.32,
    0.12,
    0.2,
    0.16,
    0.28
  ],
  "final_collision_pairs": [
    0,
    0,
    0,
    0,
    0,
    0,
    0,
    0,
    0,
    0,
    0,
    0,
    0,
    0,
    0,
    0,
    0,
    0,
    1,
    0,
    0,
    0,
    0,
    0,
    0,
    0,
    0,
    0,
    0,
    0,
    0,
    0
  ],
  "max_collision_pairs": [
    1,
    1,
    1,
    0,
    1,
    1,
    0,
    1,
    1,
    0,
    1,
    1,
    1,
    1,
    1,
    1,
    1,
    0,
    1,
    0,
    1,
    1,
    1,
    1,
    1,
    0,
    1,
    2,
    1,
    1,
    1,
    1
  ],
  "attack_summary": {
    "poisoned_action_count": 36720,
    "collection_steps": 31250,
    "mean_effective_probability": 0.07282435200235118
  }
}