{
  "model_path": "E:\\UWMadisonCourses\\2026spring\\CS763\\finalproject\\Behavior-Poisoning\\seed_sweep_p02_results\\checkpoints\\kl_targeted_action_poison_rmappo_seed7\\models",
  "episodes": 32,
  "deterministic": true,
  "team_reward_mean": -497.87698698043823,
  "team_reward_std": 67.68924335474713,
  "episode_length_mean": 25,
  "episode_length_std": 0.0,
  "team_rewards": [
    -554.2714176177979,
    -498.4187536239624,
    -450.88647842407227,
    -588.2086219787598,
    -533.8343124389648,
    -463.9491539001465,
    -537.78977394104,
    -437.7089595794678,
    -529.3806018829346,
    -377.2482748031616,
    -542.6096687316895,
    -481.6984748840332,
    -405.46935653686523,
    -557.750732421875,
    -395.33595275878906,
    -456.54453563690186,
    -394.9729652404785,
    -536.7367191314697,
    -477.6759567260742,
    -563.4480075836182,
    -482.9627170562744,
    -575.8248462677002,
    -501.60697078704834,
    -461.64557456970215,
    -528.3241634368896,
    -490.02172470092773,
    -395.22775745391846,
    -690.8150997161865,
    -447.32142639160156,
    -583.1178970336914,
    -484.5670576095581,
    -506.68963050842285
  ],
  "episode_lengths": [
    25,
    25,
    25,
    25,
    25,
    25,
    25,
    25,
    25,
    25,
    25,
    25,
    25,
    25,
    25,
    25,
    25,
    25,
    25,
    25,
    25,
    25,
    25,
    25,
    25,
    25,
    25,
    25,
    25,
    25,
    25,
    25
  ],
  "per_agent_reward_mean": {
    "agent_0": -165.95899561047554,
    "agent_1": -165.95899561047554,
    "agent_2": -165.95899561047554
  },
  "final_occupied_landmarks_mean": 0.125,
  "max_occupied_landmarks_mean": 0.75,
  "final_occupied_landmarks": [
    0,
    1,
    0,
    0,
    0,
    0,
    1,
    0,
    0,
    0,
    1,
    0,
    1,
    0,
    0,
    0,
    0,
    0,
    0,
    0,
    0,
    0,
    0,
    0,
    0,
    0,
    0,
    0,
    0,
    0,
    0,
    0
  ],
  "max_occupied_landmarks": [
    0,
    1,
    1,
    0,
    0,
    1,
    1,
    1,
    0,
    2,
    1,
    1,
    1,
    1,
    1,
    1,
    2,
    0,
    0,
    2,
    1,
    1,
    1,
    1,
    0,
    0,
    1,
    0,
    1,
    0,
    0,
    1
  ],
  "final_unique_landmarks_mean": 2.625,
  "max_unique_landmarks_mean": 2.84375,
  "final_unique_landmarks": [
    2,
    3,
    3,
    3,
    2,
    3,
    3,
    3,
    2,
    3,
    3,
    3,
    3,
    2,
    3,
    3,
    3,
    1,
    3,
    2,
    2,
    2,
    3,
    3,
    2,
    3,
    3,
    2,
    3,
    3,
    2,
    3
  ],
  "max_unique_landmarks": [
    3,
    3,
    3,
    3,
    3,
    3,
    3,
    3,
    2,
    3,
    3,
    3,
    3,
    3,
    3,
    3,
    3,
    2,
    3,
    2,
    2,
    3,
    3,
    3,
    3,
    3,
    3,
    3,
    3,
    3,
    2,
    3
  ],
  "final_min_distance_sum_mean": 1.0384654235548074,
  "final_min_distance_sum": [
    1.6064319497956512,
    0.5933324592921824,
    0.8548059719614156,
    0.9965686468779904,
    1.450228443664185,
    1.1296873815793977,
    1.4551356543965455,
    0.8284161728447654,
    1.0853411591833968,
    0.7874488264327483,
    0.9211342928406856,
    0.9382434180350083,
    0.5565136983246827,
    1.150073453598603,
    0.5235719708209339,
    0.9205108768916104,
    0.6547373038315554,
    1.3071653643093315,
    1.1479580088359849,
    1.0107099678629372,
    0.9856202103477751,
    1.307876715868443,
    1.0501945476891539,
    0.8738970574147904,
    1.1116580261894091,
    1.0067278749576576,
    0.7829125847284848,
    1.8948936112785817,
    1.055205070033455,
    1.5982382147474086,
    0.8151844115545952,
    0.8304702075644728
  ],
  "collision_pair_events_mean": 1.6875,
  "collision_step_rate_mean": 0.06,
  "final_collision_pairs_mean": 0,
  "max_collision_pairs_mean": 0.5625,
  "collision_pair_events": [
    1,
    8,
    1,
    2,
    0,
    0,
    0,
    0,
    7,
    0,
    0,
    2,
    2,
    2,
    0,
    0,
    0,
    0,
    0,
    9,
    2,
    5,
    2,
    0,
    0,
    0,
    0,
    1,
    0,
    0,
    1,
    9
  ],
  "collision_step_rates": [
    0.04,
    0.32,
    0.04,
    0.08,
    0.0,
    0.0,
    0.0,
    0.0,
    0.24,
    0.0,
    0.0,
    0.08,
    0.08,
    0.08,
    0.0,
    0.0,
    0.0,
    0.0,
    0.0,
    0.36,
    0.08,
    0.2,
    0.08,
    0.0,
    0.0,
    0.0,
    0.0,
    0.04,
    0.0,
    0.0,
    0.04,
    0.16
  ],
  "final_collision_pairs": [
    0,
    0,
    0,
    0,
    0,
    0,
    0,
    0,
    0,
    0,
    0,
    0,
    0,
    0,
    0,
    0,
    0,
    0,
    0,
    0,
    0,
    0,
    0,
    0,
    0,
    0,
    0,
    0,
    0,
    0,
    0,
    0
  ],
  "max_collision_pairs": [
    1,
    1,
    1,
    1,
    0,
    0,
    0,
    0,
    2,
    0,
    0,
    1,
    1,
    1,
    0,
    0,
    0,
    0,
    0,
    1,
    1,
    1,
    1,
    0,
    0,
    0,
    0,
    1,
    0,
    0,
    1,
    3
  ],
  "attack_summary": {
    "poisoned_action_count": 38336,
    "collection_steps": 31250,
    "mean_effective_probability": 0.07699159198318571
  }
}