{
  "model_path": "E:\\UWMadisonCourses\\2026spring\\CS763\\finalproject\\Behavior-Poisoning\\seed_sweep_p02_results\\checkpoints\\kl_targeted_action_poison_rmappo_seed21\\models",
  "episodes": 32,
  "deterministic": true,
  "team_reward_mean": -484.0059030056,
  "team_reward_std": 69.29635969624323,
  "episode_length_mean": 25,
  "episode_length_std": 0.0,
  "team_rewards": [
    -482.21606159210205,
    -385.0064945220947,
    -360.6457567214966,
    -590.2569637298584,
    -420.03743839263916,
    -399.45522117614746,
    -564.2663307189941,
    -504.7881259918213,
    -449.3625946044922,
    -528.4387874603271,
    -482.02543449401855,
    -470.5645875930786,
    -394.2665271759033,
    -602.526460647583,
    -544.7144546508789,
    -610.9027614593506,
    -503.66224098205566,
    -426.06710147857666,
    -600.1555786132812,
    -497.5489807128906,
    -490.65155029296875,
    -509.18642234802246,
    -537.4346332550049,
    -386.2123613357544,
    -403.8895025253296,
    -583.2258586883545,
    -464.14550495147705,
    -463.5469970703125,
    -425.643835067749,
    -446.45996284484863,
    -452.5223922729492,
    -508.3619728088379
  ],
  "episode_lengths": [
    25,
    25,
    25,
    25,
    25,
    25,
    25,
    25,
    25,
    25,
    25,
    25,
    25,
    25,
    25,
    25,
    25,
    25,
    25,
    25,
    25,
    25,
    25,
    25,
    25,
    25,
    25,
    25,
    25,
    25,
    25,
    25
  ],
  "per_agent_reward_mean": {
    "agent_0": -161.33530129492283,
    "agent_1": -161.33530129492283,
    "agent_2": -161.33530129492283
  },
  "final_occupied_landmarks_mean": 0.1875,
  "max_occupied_landmarks_mean": 0.90625,
  "final_occupied_landmarks": [
    0,
    1,
    0,
    0,
    0,
    1,
    1,
    0,
    0,
    0,
    0,
    0,
    1,
    0,
    0,
    0,
    0,
    1,
    0,
    0,
    1,
    0,
    0,
    0,
    0,
    0,
    0,
    0,
    0,
    0,
    0,
    0
  ],
  "max_occupied_landmarks": [
    1,
    2,
    1,
    1,
    1,
    2,
    1,
    0,
    1,
    1,
    2,
    1,
    1,
    0,
    0,
    0,
    1,
    1,
    0,
    1,
    1,
    1,
    0,
    2,
    1,
    1,
    1,
    1,
    1,
    0,
    1,
    1
  ],
  "final_unique_landmarks_mean": 2.5625,
  "max_unique_landmarks_mean": 2.90625,
  "final_unique_landmarks": [
    3,
    3,
    3,
    3,
    2,
    2,
    1,
    3,
    3,
    3,
    2,
    2,
    3,
    2,
    2,
    3,
    3,
    3,
    3,
    1,
    2,
    2,
    3,
    2,
    3,
    3,
    3,
    3,
    3,
    3,
    3,
    2
  ],
  "max_unique_landmarks": [
    3,
    3,
    3,
    3,
    3,
    3,
    2,
    3,
    3,
    3,
    3,
    3,
    3,
    3,
    3,
    3,
    3,
    3,
    3,
    3,
    2,
    3,
    3,
    3,
    3,
    3,
    3,
    3,
    3,
    3,
    3,
    2
  ],
  "final_min_distance_sum_mean": 0.9465473641733868,
  "final_min_distance_sum": [
    0.5200982352870572,
    0.5545679162324242,
    0.6262408030970642,
    0.5974908710702831,
    0.7547630571409732,
    0.6668573933867764,
    1.3884668788540186,
    1.238553557076528,
    0.863070968916229,
    1.3828093104768753,
    1.1432621876119287,
    0.7937048734674063,
    0.524126370201148,
    1.671062184511314,
    1.250323780313228,
    1.1422538861221134,
    0.9403311880275942,
    0.6475067138973871,
    1.6756551652629081,
    1.0807801337325544,
    0.7731798093191593,
    1.2536105497703907,
    1.060634329373559,
    0.8177287130289799,
    0.5348668030375527,
    1.161434529025415,
    0.7358484711419073,
    0.8470133738642425,
    0.6998949763752833,
    0.5502238060972906,
    1.098024906889083,
    1.2951299109397012
  ],
  "collision_pair_events_mean": 2.65625,
  "collision_step_rate_mean": 0.1,
  "final_collision_pairs_mean": 0.03125,
  "max_collision_pairs_mean": 0.78125,
  "collision_pair_events": [
    4,
    2,
    0,
    17,
    3,
    1,
    8,
    0,
    1,
    1,
    3,
    2,
    1,
    0,
    3,
    8,
    0,
    0,
    0,
    1,
    0,
    1,
    9,
    3,
    0,
    5,
    2,
    6,
    3,
    0,
    0,
    1
  ],
  "collision_step_rates": [
    0.16,
    0.08,
    0.0,
    0.56,
    0.12,
    0.04,
    0.32,
    0.0,
    0.04,
    0.04,
    0.12,
    0.08,
    0.04,
    0.0,
    0.12,
    0.24,
    0.0,
    0.0,
    0.0,
    0.04,
    0.0,
    0.04,
    0.36,
    0.12,
    0.0,
    0.2,
    0.08,
    0.24,
    0.12,
    0.0,
    0.0,
    0.04
  ],
  "final_collision_pairs": [
    0,
    0,
    0,
    0,
    0,
    0,
    0,
    0,
    0,
    0,
    0,
    0,
    0,
    0,
    0,
    0,
    0,
    0,
    0,
    0,
    0,
    0,
    1,
    0,
    0,
    0,
    0,
    0,
    0,
    0,
    0,
    0
  ],
  "max_collision_pairs": [
    1,
    1,
    0,
    3,
    1,
    1,
    1,
    0,
    1,
    1,
    1,
    1,
    1,
    0,
    1,
    2,
    0,
    0,
    0,
    1,
    0,
    1,
    1,
    1,
    0,
    1,
    1,
    1,
    1,
    0,
    0,
    1
  ],
  "attack_summary": {
    "poisoned_action_count": 39942,
    "collection_steps": 31250,
    "mean_effective_probability": 0.07946806595029915
  }
}