{
  "model_path": "E:\\UWMadisonCourses\\2026spring\\CS763\\finalproject\\Behavior-Poisoning\\seed_sweep_p02_results\\checkpoints\\kl_targeted_action_poison_rmappo_seed37\\models",
  "episodes": 32,
  "deterministic": true,
  "team_reward_mean": -476.99517008662224,
  "team_reward_std": 65.33306646709633,
  "episode_length_mean": 25,
  "episode_length_std": 0.0,
  "team_rewards": [
    -529.5411014556885,
    -432.9899215698242,
    -452.5567932128906,
    -586.7176380157471,
    -515.2155227661133,
    -463.520544052124,
    -602.8819751739502,
    -367.15614128112793,
    -460.31074714660645,
    -526.818229675293,
    -429.9784631729126,
    -386.83574771881104,
    -468.41211891174316,
    -430.4070711135864,
    -426.45026206970215,
    -482.0121898651123,
    -484.0642375946045,
    -565.0040836334229,
    -387.1202621459961,
    -616.9631118774414,
    -400.4376735687256,
    -433.02653884887695,
    -429.4640893936157,
    -511.3737201690674,
    -569.5799293518066,
    -426.928560256958,
    -438.7305955886841,
    -481.5687599182129,
    -451.5782070159912,
    -423.25762367248535,
    -559.7121295928955,
    -523.2314529418945
  ],
  "episode_lengths": [
    25,
    25,
    25,
    25,
    25,
    25,
    25,
    25,
    25,
    25,
    25,
    25,
    25,
    25,
    25,
    25,
    25,
    25,
    25,
    25,
    25,
    25,
    25,
    25,
    25,
    25,
    25,
    25,
    25,
    25,
    25,
    25
  ],
  "per_agent_reward_mean": {
    "agent_0": -158.99839010834694,
    "agent_1": -158.99839010834694,
    "agent_2": -158.99839010834694
  },
  "final_occupied_landmarks_mean": 0.46875,
  "max_occupied_landmarks_mean": 0.84375,
  "final_occupied_landmarks": [
    0,
    2,
    1,
    0,
    0,
    1,
    0,
    1,
    0,
    0,
    1,
    2,
    1,
    0,
    2,
    0,
    0,
    0,
    1,
    1,
    1,
    1,
    0,
    0,
    0,
    0,
    0,
    0,
    0,
    0,
    0,
    0
  ],
  "max_occupied_landmarks": [
    0,
    2,
    1,
    0,
    0,
    1,
    0,
    1,
    1,
    0,
    1,
    3,
    1,
    1,
    2,
    0,
    1,
    0,
    2,
    1,
    1,
    1,
    1,
    0,
    0,
    1,
    0,
    0,
    2,
    2,
    0,
    1
  ],
  "final_unique_landmarks_mean": 2.8125,
  "max_unique_landmarks_mean": 2.9375,
  "final_unique_landmarks": [
    3,
    3,
    3,
    3,
    3,
    3,
    2,
    3,
    3,
    3,
    3,
    3,
    3,
    3,
    3,
    3,
    2,
    3,
    3,
    2,
    3,
    3,
    3,
    2,
    3,
    3,
    3,
    3,
    2,
    3,
    3,
    2
  ],
  "max_unique_landmarks": [
    3,
    3,
    3,
    3,
    3,
    3,
    2,
    3,
    3,
    3,
    3,
    3,
    3,
    3,
    3,
    3,
    3,
    3,
    3,
    2,
    3,
    3,
    3,
    3,
    3,
    3,
    3,
    3,
    3,
    3,
    3,
    3
  ],
  "final_min_distance_sum_mean": 0.8042266603356053,
  "final_min_distance_sum": [
    1.0884581439732304,
    0.48140693299781173,
    0.6156748214785251,
    1.2481837520969048,
    1.1888265205176258,
    0.8066338456567441,
    1.1716510671006684,
    0.4618377054662564,
    0.8392313184214448,
    0.9358789907158056,
    0.44980609679097916,
    0.29395966665393936,
    1.0002908159960084,
    0.7278726334177277,
    0.41099299453056537,
    1.0818991834872358,
    0.9587240931152324,
    0.8330155959600785,
    0.49006906261285466,
    0.6124164088954602,
    0.4376922482261473,
    0.48876158491057176,
    0.9184191490745854,
    0.7776215331975579,
    1.1746943701162917,
    0.7962939032749404,
    0.6094826430335706,
    0.9160754498414956,
    0.7823306214130896,
    0.7675632597677211,
    1.2103359600286114,
    1.159152757969687
  ],
  "collision_pair_events_mean": 1.875,
  "collision_step_rate_mean": 0.075,
  "final_collision_pairs_mean": 0.03125,
  "max_collision_pairs_mean": 0.53125,
  "collision_pair_events": [
    4,
    0,
    0,
    4,
    0,
    0,
    6,
    0,
    1,
    0,
    2,
    0,
    0,
    3,
    1,
    0,
    2,
    4,
    0,
    9,
    2,
    0,
    0,
    0,
    4,
    2,
    0,
    0,
    9,
    4,
    2,
    1
  ],
  "collision_step_rates": [
    0.16,
    0.0,
    0.0,
    0.16,
    0.0,
    0.0,
    0.24,
    0.0,
    0.04,
    0.0,
    0.08,
    0.0,
    0.0,
    0.12,
    0.04,
    0.0,
    0.08,
    0.16,
    0.0,
    0.36,
    0.08,
    0.0,
    0.0,
    0.0,
    0.16,
    0.08,
    0.0,
    0.0,
    0.36,
    0.16,
    0.08,
    0.04
  ],
  "final_collision_pairs": [
    0,
    0,
    0,
    0,
    0,
    0,
    0,
    0,
    0,
    0,
    0,
    0,
    0,
    0,
    0,
    0,
    0,
    0,
    0,
    0,
    0,
    0,
    0,
    0,
    0,
    0,
    0,
    0,
    0,
    0,
    1,
    0
  ],
  "max_collision_pairs": [
    1,
    0,
    0,
    1,
    0,
    0,
    1,
    0,
    1,
    0,
    1,
    0,
    0,
    1,
    1,
    0,
    1,
    1,
    0,
    1,
    1,
    0,
    0,
    0,
    1,
    1,
    0,
    0,
    1,
    1,
    1,
    1
  ],
  "attack_summary": {
    "poisoned_action_count": 34924,
    "collection_steps": 31250,
    "mean_effective_probability": 0.0695539859808322
  }
}