{
  "model_path": "E:\\UWMadisonCourses\\2026spring\\CS763\\finalproject\\Behavior-Poisoning\\seed_sweep_p02_results\\checkpoints\\random_action_poison_rmappo_seed21\\models",
  "episodes": 32,
  "deterministic": true,
  "team_reward_mean": -481.85357987880707,
  "team_reward_std": 66.26306683421708,
  "episode_length_mean": 25,
  "episode_length_std": 0.0,
  "team_rewards": [
    -453.9311571121216,
    -387.81526947021484,
    -446.98197650909424,
    -461.94521713256836,
    -436.2567481994629,
    -588.9477062225342,
    -523.8494033813477,
    -463.6061706542969,
    -465.4432678222656,
    -548.9379177093506,
    -505.40509033203125,
    -504.5225296020508,
    -413.9101400375366,
    -602.2527751922607,
    -476.6436290740967,
    -490.8934154510498,
    -614.8147411346436,
    -439.5914545059204,
    -491.26354598999023,
    -489.8193302154541,
    -496.0356674194336,
    -534.072193145752,
    -560.7196140289307,
    -377.1494188308716,
    -415.5297327041626,
    -617.0884952545166,
    -481.0277442932129,
    -378.6132564544678,
    -393.8953323364258,
    -413.57046031951904,
    -434.2223424911499,
    -510.5588130950928
  ],
  "episode_lengths": [
    25,
    25,
    25,
    25,
    25,
    25,
    25,
    25,
    25,
    25,
    25,
    25,
    25,
    25,
    25,
    25,
    25,
    25,
    25,
    25,
    25,
    25,
    25,
    25,
    25,
    25,
    25,
    25,
    25,
    25,
    25,
    25
  ],
  "per_agent_reward_mean": {
    "agent_0": -160.6178600937128,
    "agent_1": -160.6178600937128,
    "agent_2": -160.6178600937128
  },
  "final_occupied_landmarks_mean": 0.25,
  "max_occupied_landmarks_mean": 1.03125,
  "final_occupied_landmarks": [
    0,
    1,
    0,
    0,
    0,
    0,
    0,
    0,
    0,
    0,
    1,
    0,
    1,
    0,
    0,
    1,
    0,
    0,
    0,
    0,
    0,
    0,
    0,
    0,
    0,
    0,
    0,
    3,
    0,
    1,
    0,
    0
  ],
  "max_occupied_landmarks": [
    1,
    2,
    0,
    2,
    1,
    2,
    1,
    0,
    1,
    1,
    2,
    0,
    1,
    0,
    0,
    1,
    0,
    1,
    0,
    1,
    1,
    0,
    1,
    1,
    2,
    1,
    2,
    3,
    1,
    2,
    1,
    1
  ],
  "final_unique_landmarks_mean": 2.5,
  "max_unique_landmarks_mean": 2.9375,
  "final_unique_landmarks": [
    3,
    3,
    2,
    2,
    2,
    1,
    2,
    3,
    3,
    3,
    3,
    2,
    2,
    3,
    2,
    3,
    3,
    2,
    3,
    3,
    2,
    2,
    3,
    2,
    3,
    2,
    3,
    3,
    2,
    3,
    3,
    2
  ],
  "max_unique_landmarks": [
    3,
    3,
    3,
    3,
    3,
    3,
    3,
    3,
    3,
    3,
    3,
    3,
    3,
    3,
    3,
    3,
    3,
    3,
    3,
    3,
    3,
    2,
    3,
    3,
    3,
    2,
    3,
    3,
    3,
    3,
    3,
    3
  ],
  "final_min_distance_sum_mean": 0.9069972129774165,
  "final_min_distance_sum": [
    1.263861565499966,
    0.5598633106020527,
    0.7508668881811642,
    0.8375379890396435,
    0.9619561205683078,
    1.5526229010983694,
    1.0051173144403502,
    1.1335154354418298,
    1.1534079486452353,
    0.8180429573025434,
    0.4198760145486714,
    1.1625512508986033,
    0.6753377981560411,
    1.3539477077219142,
    1.5931654883246926,
    0.9658010235056673,
    1.01596124579159,
    0.7392909170433498,
    1.0976210566429816,
    0.7761946083452117,
    0.9341528516294147,
    1.099954691366159,
    0.9193355323792927,
    0.5780332491178466,
    0.5346816377479594,
    1.3937831295299412,
    0.5647275617652889,
    0.20038127260953414,
    0.6390938771466395,
    0.40514293675450075,
    0.8202354143466368,
    1.0978491190859307
  ],
  "collision_pair_events_mean": 2.40625,
  "collision_step_rate_mean": 0.09375,
  "final_collision_pairs_mean": 0.03125,
  "max_collision_pairs_mean": 0.5625,
  "collision_pair_events": [
    0,
    0,
    0,
    3,
    0,
    14,
    5,
    0,
    2,
    3,
    1,
    0,
    0,
    0,
    2,
    0,
    10,
    0,
    0,
    7,
    0,
    2,
    6,
    0,
    4,
    3,
    5,
    0,
    0,
    2,
    0,
    8
  ],
  "collision_step_rates": [
    0.0,
    0.0,
    0.0,
    0.12,
    0.0,
    0.56,
    0.2,
    0.0,
    0.08,
    0.12,
    0.04,
    0.0,
    0.0,
    0.0,
    0.08,
    0.0,
    0.4,
    0.0,
    0.0,
    0.24,
    0.0,
    0.08,
    0.2,
    0.0,
    0.16,
    0.12,
    0.2,
    0.0,
    0.0,
    0.08,
    0.0,
    0.32
  ],
  "final_collision_pairs": [
    0,
    0,
    0,
    0,
    0,
    1,
    0,
    0,
    0,
    0,
    0,
    0,
    0,
    0,
    0,
    0,
    0,
    0,
    0,
    0,
    0,
    0,
    0,
    0,
    0,
    0,
    0,
    0,
    0,
    0,
    0,
    0
  ],
  "max_collision_pairs": [
    0,
    0,
    0,
    1,
    0,
    1,
    1,
    0,
    1,
    1,
    1,
    0,
    0,
    0,
    1,
    0,
    1,
    0,
    0,
    2,
    0,
    1,
    2,
    0,
    1,
    1,
    1,
    0,
    0,
    1,
    0,
    1
  ],
  "attack_summary": {
    "poisoned_action_count": 100220,
    "collection_steps": 31250,
    "mean_effective_probability": 0.2
  }
}