{
  "model_path": "E:\\UWMadisonCourses\\2026spring\\CS763\\finalproject\\Behavior-Poisoning\\seed_sweep_p02_results\\checkpoints\\random_action_poison_rmappo_seed7\\models",
  "episodes": 32,
  "deterministic": true,
  "team_reward_mean": -519.8427705168724,
  "team_reward_std": 64.89759232805638,
  "episode_length_mean": 25,
  "episode_length_std": 0.0,
  "team_rewards": [
    -531.7048501968384,
    -502.10251808166504,
    -453.94482135772705,
    -569.3151302337646,
    -547.7928714752197,
    -603.695499420166,
    -456.5402145385742,
    -440.66413974761963,
    -477.6421489715576,
    -471.8969669342041,
    -560.4089164733887,
    -678.2056884765625,
    -413.1494150161743,
    -542.2304916381836,
    -450.6169204711914,
    -458.9042320251465,
    -502.3251895904541,
    -511.56176567077637,
    -431.925874710083,
    -597.1700344085693,
    -535.3044815063477,
    -576.5536365509033,
    -408.4833927154541,
    -591.6212558746338,
    -536.155424118042,
    -563.1652526855469,
    -438.93290519714355,
    -616.4743995666504,
    -544.307201385498,
    -523.1837005615234,
    -586.6270236968994,
    -512.3622932434082
  ],
  "episode_lengths": [
    25,
    25,
    25,
    25,
    25,
    25,
    25,
    25,
    25,
    25,
    25,
    25,
    25,
    25,
    25,
    25,
    25,
    25,
    25,
    25,
    25,
    25,
    25,
    25,
    25,
    25,
    25,
    25,
    25,
    25,
    25,
    25
  ],
  "per_agent_reward_mean": {
    "agent_0": -173.2809236049652,
    "agent_1": -173.2809236049652,
    "agent_2": -173.2809236049652
  },
  "final_occupied_landmarks_mean": 0.21875,
  "max_occupied_landmarks_mean": 0.625,
  "final_occupied_landmarks": [
    0,
    0,
    1,
    0,
    0,
    0,
    0,
    0,
    0,
    0,
    0,
    0,
    0,
    0,
    0,
    1,
    0,
    0,
    0,
    0,
    0,
    1,
    1,
    1,
    0,
    0,
    0,
    0,
    0,
    1,
    0,
    1
  ],
  "max_occupied_landmarks": [
    1,
    1,
    1,
    0,
    0,
    1,
    0,
    1,
    0,
    0,
    0,
    1,
    0,
    0,
    1,
    1,
    1,
    1,
    0,
    1,
    1,
    1,
    1,
    1,
    1,
    1,
    0,
    0,
    1,
    1,
    0,
    1
  ],
  "final_unique_landmarks_mean": 2.28125,
  "max_unique_landmarks_mean": 2.6875,
  "final_unique_landmarks": [
    3,
    2,
    2,
    2,
    3,
    3,
    2,
    2,
    2,
    3,
    2,
    2,
    3,
    3,
    3,
    2,
    2,
    2,
    3,
    2,
    2,
    2,
    3,
    2,
    2,
    2,
    2,
    1,
    2,
    3,
    2,
    2
  ],
  "max_unique_landmarks": [
    3,
    2,
    2,
    2,
    3,
    3,
    3,
    3,
    3,
    3,
    2,
    2,
    3,
    3,
    3,
    2,
    3,
    3,
    3,
    2,
    2,
    3,
    3,
    3,
    2,
    3,
    2,
    3,
    3,
    3,
    3,
    3
  ],
  "final_min_distance_sum_mean": 1.1209675758962006,
  "final_min_distance_sum": [
    1.321884166657505,
    1.2276002613817008,
    0.8031061710858732,
    1.1814477185501155,
    1.3577799682340166,
    1.3648633571864068,
    0.8725106442748062,
    0.8337960008715937,
    1.0840204570045273,
    1.1596126670110583,
    1.1932851957844357,
    1.21647608583724,
    0.8307165311679416,
    0.9134045375483093,
    0.8889107265136719,
    0.8326483395310202,
    1.2991941613859186,
    0.9300892338995462,
    0.8708967052668635,
    1.2651726458463444,
    1.2867672146372238,
    1.3164946942842566,
    0.9090787899484776,
    1.3946416136642998,
    1.0383373991708496,
    1.5212321020973447,
    0.8821827585244654,
    1.698643911012895,
    1.5966184784309165,
    0.8285672459540179,
    0.9513209001401249,
    0.9996617457746543
  ],
  "collision_pair_events_mean": 3.125,
  "collision_step_rate_mean": 0.11375,
  "final_collision_pairs_mean": 0.0625,
  "max_collision_pairs_mean": 0.65625,
  "collision_pair_events": [
    4,
    0,
    0,
    0,
    0,
    6,
    1,
    3,
    0,
    1,
    3,
    24,
    0,
    0,
    1,
    4,
    2,
    8,
    0,
    10,
    0,
    4,
    0,
    4,
    4,
    0,
    0,
    0,
    0,
    4,
    13,
    4
  ],
  "collision_step_rates": [
    0.16,
    0.0,
    0.0,
    0.0,
    0.0,
    0.24,
    0.04,
    0.12,
    0.0,
    0.04,
    0.12,
    0.72,
    0.0,
    0.0,
    0.04,
    0.16,
    0.08,
    0.2,
    0.0,
    0.4,
    0.0,
    0.16,
    0.0,
    0.16,
    0.16,
    0.0,
    0.0,
    0.0,
    0.0,
    0.16,
    0.52,
    0.16
  ],
  "final_collision_pairs": [
    0,
    0,
    0,
    0,
    0,
    0,
    0,
    0,
    0,
    0,
    0,
    0,
    0,
    0,
    0,
    1,
    0,
    0,
    0,
    0,
    0,
    0,
    0,
    0,
    0,
    0,
    0,
    0,
    0,
    0,
    1,
    0
  ],
  "max_collision_pairs": [
    1,
    0,
    0,
    0,
    0,
    1,
    1,
    1,
    0,
    1,
    1,
    3,
    0,
    0,
    1,
    1,
    1,
    2,
    0,
    1,
    0,
    1,
    0,
    1,
    1,
    0,
    0,
    0,
    0,
    1,
    1,
    1
  ],
  "attack_summary": {
    "poisoned_action_count": 99744,
    "collection_steps": 31250,
    "mean_effective_probability": 0.2
  }
}