{
  "model_path": "E:\\UWMadisonCourses\\2026spring\\CS763\\finalproject\\Behavior-Poisoning\\seed_sweep_p02_results\\checkpoints\\random_action_poison_rmappo_seed13\\models",
  "episodes": 32,
  "deterministic": true,
  "team_reward_mean": -482.8035368323326,
  "team_reward_std": 64.97176873113702,
  "episode_length_mean": 25,
  "episode_length_std": 0.0,
  "team_rewards": [
    -486.2755184173584,
    -413.8947706222534,
    -499.75750732421875,
    -374.23060607910156,
    -675.156816482544,
    -438.0286560058594,
    -500.0971965789795,
    -499.1654472351074,
    -469.86792182922363,
    -430.60687732696533,
    -457.3132095336914,
    -538.0948543548584,
    -450.7019290924072,
    -426.32297706604004,
    -445.6359577178955,
    -523.0793628692627,
    -406.95673179626465,
    -544.5257606506348,
    -470.10369205474854,
    -607.1700077056885,
    -398.24903774261475,
    -520.2293682098389,
    -520.4330711364746,
    -559.3612003326416,
    -479.96012115478516,
    -431.4607629776001,
    -512.1363105773926,
    -525.5370445251465,
    -552.4086713790894,
    -374.6127462387085,
    -479.62086296081543,
    -438.7181806564331
  ],
  "episode_lengths": [
    25,
    25,
    25,
    25,
    25,
    25,
    25,
    25,
    25,
    25,
    25,
    25,
    25,
    25,
    25,
    25,
    25,
    25,
    25,
    25,
    25,
    25,
    25,
    25,
    25,
    25,
    25,
    25,
    25,
    25,
    25,
    25
  ],
  "per_agent_reward_mean": {
    "agent_0": -160.93451224267483,
    "agent_1": -160.93451224267483,
    "agent_2": -160.93451224267483
  },
  "final_occupied_landmarks_mean": 0.125,
  "max_occupied_landmarks_mean": 0.6875,
  "final_occupied_landmarks": [
    0,
    1,
    0,
    0,
    1,
    0,
    0,
    0,
    0,
    0,
    0,
    0,
    0,
    0,
    0,
    0,
    0,
    0,
    0,
    0,
    0,
    0,
    0,
    0,
    0,
    1,
    0,
    0,
    1,
    0,
    0,
    0
  ],
  "max_occupied_landmarks": [
    1,
    1,
    1,
    1,
    1,
    1,
    1,
    0,
    0,
    0,
    1,
    1,
    1,
    1,
    1,
    0,
    2,
    0,
    0,
    0,
    2,
    0,
    1,
    0,
    0,
    1,
    1,
    1,
    1,
    1,
    0,
    0
  ],
  "final_unique_landmarks_mean": 2.53125,
  "max_unique_landmarks_mean": 2.875,
  "final_unique_landmarks": [
    2,
    3,
    3,
    2,
    2,
    3,
    2,
    3,
    2,
    3,
    2,
    2,
    3,
    3,
    2,
    3,
    2,
    3,
    3,
    3,
    3,
    3,
    2,
    3,
    2,
    2,
    3,
    2,
    2,
    3,
    2,
    3
  ],
  "max_unique_landmarks": [
    3,
    3,
    3,
    3,
    3,
    3,
    3,
    3,
    3,
    3,
    3,
    2,
    3,
    3,
    3,
    3,
    3,
    3,
    3,
    3,
    3,
    3,
    3,
    3,
    2,
    3,
    3,
    2,
    2,
    3,
    3,
    3
  ],
  "final_min_distance_sum_mean": 0.9687047892954495,
  "final_min_distance_sum": [
    1.2999768222244157,
    0.42372209582434095,
    1.077286383274446,
    0.5086055129216174,
    1.1917669285368855,
    0.9022387711706941,
    1.1426393612743122,
    1.0202780574587704,
    1.0801040337678167,
    1.0208317579004347,
    0.90113734707311,
    0.9154928994663242,
    0.8664785936976984,
    0.5829134170199466,
    0.8789387878264329,
    1.3176774023908726,
    0.9133247276006458,
    1.0497329559199486,
    0.8320312806636381,
    1.4340773771243867,
    0.6359212202843025,
    1.0810339029121268,
    1.2859330784581857,
    1.1394586875989314,
    0.8432294896435911,
    0.8884480326173395,
    1.206820793413471,
    1.2866082727831492,
    0.716296971240367,
    0.4827076914210827,
    1.0646585743998158,
    1.0081820295452841
  ],
  "collision_pair_events_mean": 1.25,
  "collision_step_rate_mean": 0.05,
  "final_collision_pairs_mean": 0,
  "max_collision_pairs_mean": 0.46875,
  "collision_pair_events": [
    0,
    0,
    0,
    0,
    9,
    0,
    2,
    0,
    0,
    2,
    2,
    3,
    1,
    2,
    0,
    0,
    0,
    4,
    1,
    0,
    4,
    0,
    0,
    2,
    1,
    0,
    3,
    1,
    3,
    0,
    0,
    0
  ],
  "collision_step_rates": [
    0.0,
    0.0,
    0.0,
    0.0,
    0.36,
    0.0,
    0.08,
    0.0,
    0.0,
    0.08,
    0.08,
    0.12,
    0.04,
    0.08,
    0.0,
    0.0,
    0.0,
    0.16,
    0.04,
    0.0,
    0.16,
    0.0,
    0.0,
    0.08,
    0.04,
    0.0,
    0.12,
    0.04,
    0.12,
    0.0,
    0.0,
    0.0
  ],
  "final_collision_pairs": [
    0,
    0,
    0,
    0,
    0,
    0,
    0,
    0,
    0,
    0,
    0,
    0,
    0,
    0,
    0,
    0,
    0,
    0,
    0,
    0,
    0,
    0,
    0,
    0,
    0,
    0,
    0,
    0,
    0,
    0,
    0,
    0
  ],
  "max_collision_pairs": [
    0,
    0,
    0,
    0,
    1,
    0,
    1,
    0,
    0,
    1,
    1,
    1,
    1,
    1,
    0,
    0,
    0,
    1,
    1,
    0,
    1,
    0,
    0,
    1,
    1,
    0,
    1,
    1,
    1,
    0,
    0,
    0
  ],
  "attack_summary": {
    "poisoned_action_count": 100118,
    "collection_steps": 31250,
    "mean_effective_probability": 0.2
  }
}