{
  "model_path": "E:\\UWMadisonCourses\\2026spring\\CS763\\finalproject\\Behavior-Poisoning\\seed_sweep_p02_results\\checkpoints\\random_action_poison_rmappo_seed31\\models",
  "episodes": 32,
  "deterministic": true,
  "team_reward_mean": -496.74147722125053,
  "team_reward_std": 70.38183803496545,
  "episode_length_mean": 25,
  "episode_length_std": 0.0,
  "team_rewards": [
    -568.4281940460205,
    -455.81955909729004,
    -435.6593837738037,
    -671.4776420593262,
    -490.684513092041,
    -533.1490345001221,
    -531.1057453155518,
    -448.0522518157959,
    -456.3944387435913,
    -574.4051246643066,
    -457.547176361084,
    -496.9036045074463,
    -470.35960578918457,
    -471.4976406097412,
    -446.1341676712036,
    -622.5299797058105,
    -489.6473026275635,
    -480.1070213317871,
    -407.6905736923218,
    -437.4521999359131,
    -471.652925491333,
    -500.1486186981201,
    -428.2034721374512,
    -611.3745784759521,
    -425.69495582580566,
    -553.4423770904541,
    -408.64241886138916,
    -547.6788902282715,
    -419.5474615097046,
    -538.158299446106,
    -636.384090423584,
    -409.7540235519409
  ],
  "episode_lengths": [
    25,
    25,
    25,
    25,
    25,
    25,
    25,
    25,
    25,
    25,
    25,
    25,
    25,
    25,
    25,
    25,
    25,
    25,
    25,
    25,
    25,
    25,
    25,
    25,
    25,
    25,
    25,
    25,
    25,
    25,
    25,
    25
  ],
  "per_agent_reward_mean": {
    "agent_0": -165.58049230277538,
    "agent_1": -165.58049230277538,
    "agent_2": -165.58049230277538
  },
  "final_occupied_landmarks_mean": 0.15625,
  "max_occupied_landmarks_mean": 0.78125,
  "final_occupied_landmarks": [
    0,
    0,
    0,
    0,
    0,
    0,
    0,
    0,
    1,
    0,
    2,
    0,
    0,
    0,
    0,
    0,
    0,
    0,
    0,
    0,
    0,
    0,
    0,
    0,
    0,
    0,
    1,
    0,
    0,
    1,
    0,
    0
  ],
  "max_occupied_landmarks": [
    1,
    0,
    0,
    0,
    1,
    1,
    0,
    1,
    2,
    1,
    2,
    1,
    1,
    1,
    1,
    0,
    1,
    1,
    1,
    0,
    1,
    1,
    1,
    1,
    0,
    1,
    1,
    0,
    1,
    1,
    0,
    1
  ],
  "final_unique_landmarks_mean": 2.4375,
  "max_unique_landmarks_mean": 2.875,
  "final_unique_landmarks": [
    3,
    3,
    2,
    2,
    3,
    3,
    3,
    3,
    3,
    2,
    2,
    3,
    3,
    3,
    2,
    2,
    2,
    2,
    2,
    3,
    2,
    3,
    3,
    1,
    3,
    3,
    2,
    2,
    2,
    2,
    2,
    2
  ],
  "max_unique_landmarks": [
    3,
    3,
    3,
    3,
    3,
    3,
    3,
    3,
    3,
    2,
    3,
    3,
    3,
    3,
    3,
    2,
    3,
    2,
    3,
    3,
    3,
    3,
    3,
    2,
    3,
    3,
    3,
    3,
    3,
    3,
    3,
    3
  ],
  "final_min_distance_sum_mean": 1.0002487646265574,
  "final_min_distance_sum": [
    1.2492684126778326,
    0.8843985985343434,
    0.9091090528834851,
    1.5831638549142395,
    1.1835428124423955,
    1.3799556791741614,
    0.9647832695925975,
    0.675382795164889,
    0.45906716474021325,
    0.8600329339360849,
    0.7922961906871008,
    1.2563575935817057,
    0.76122325489135,
    0.7177757030250828,
    1.1154047371516718,
    1.5158557153974141,
    0.7713914092339984,
    1.1920522353955139,
    0.633929558526609,
    0.6793503039663638,
    1.3294523658619892,
    1.2054371829293227,
    0.6947517412258305,
    1.4119161837747773,
    0.8290172348781327,
    1.273173421364678,
    0.6221351698246264,
    1.1923701049418765,
    0.9513781343338992,
    0.5324949517459836,
    1.530967242167396,
    0.8505254590842724
  ],
  "collision_pair_events_mean": 2.5,
  "collision_step_rate_mean": 0.09875,
  "final_collision_pairs_mean": 0.03125,
  "max_collision_pairs_mean": 0.625,
  "collision_pair_events": [
    2,
    0,
    0,
    6,
    0,
    0,
    4,
    1,
    1,
    12,
    1,
    0,
    1,
    11,
    2,
    0,
    3,
    0,
    0,
    2,
    3,
    1,
    0,
    0,
    0,
    3,
    0,
    7,
    1,
    2,
    17,
    0
  ],
  "collision_step_rates": [
    0.08,
    0.0,
    0.0,
    0.24,
    0.0,
    0.0,
    0.16,
    0.04,
    0.04,
    0.44,
    0.04,
    0.0,
    0.04,
    0.44,
    0.08,
    0.0,
    0.12,
    0.0,
    0.0,
    0.08,
    0.12,
    0.04,
    0.0,
    0.0,
    0.0,
    0.12,
    0.0,
    0.28,
    0.04,
    0.08,
    0.68,
    0.0
  ],
  "final_collision_pairs": [
    0,
    0,
    0,
    0,
    0,
    0,
    0,
    0,
    0,
    0,
    0,
    0,
    0,
    0,
    0,
    0,
    0,
    0,
    0,
    0,
    0,
    0,
    0,
    0,
    0,
    0,
    0,
    0,
    0,
    0,
    1,
    0
  ],
  "max_collision_pairs": [
    1,
    0,
    0,
    1,
    0,
    0,
    1,
    1,
    1,
    2,
    1,
    0,
    1,
    1,
    1,
    0,
    1,
    0,
    0,
    1,
    1,
    1,
    0,
    0,
    0,
    1,
    0,
    1,
    1,
    1,
    1,
    0
  ],
  "attack_summary": {
    "poisoned_action_count": 99545,
    "collection_steps": 31250,
    "mean_effective_probability": 0.2
  }
}