{
  "model_path": "E:\\UWMadisonCourses\\2026spring\\CS763\\finalproject\\Behavior-Poisoning\\seed_sweep_p02_results\\checkpoints\\random_action_poison_rmappo_seed37\\models",
  "episodes": 32,
  "deterministic": true,
  "team_reward_mean": -467.3861328661442,
  "team_reward_std": 59.5911634036952,
  "episode_length_mean": 25,
  "episode_length_std": 0.0,
  "team_rewards": [
    -492.011531829834,
    -446.16647148132324,
    -573.1301708221436,
    -567.0588932037354,
    -468.40228843688965,
    -487.6275806427002,
    -518.481294631958,
    -346.9809818267822,
    -412.5235710144043,
    -582.6341152191162,
    -423.8329772949219,
    -455.3454465866089,
    -441.64946937561035,
    -472.19536209106445,
    -425.25532150268555,
    -426.18075370788574,
    -426.79619121551514,
    -543.7089023590088,
    -434.92547607421875,
    -538.5984020233154,
    -397.8668794631958,
    -425.598087310791,
    -423.1038484573364,
    -460.3017339706421,
    -502.2817153930664,
    -401.8698148727417,
    -443.9258050918579,
    -597.010274887085,
    -461.41517639160156,
    -393.55824756622314,
    -497.60751724243164,
    -468.31194972991943
  ],
  "episode_lengths": [
    25,
    25,
    25,
    25,
    25,
    25,
    25,
    25,
    25,
    25,
    25,
    25,
    25,
    25,
    25,
    25,
    25,
    25,
    25,
    25,
    25,
    25,
    25,
    25,
    25,
    25,
    25,
    25,
    25,
    25,
    25,
    25
  ],
  "per_agent_reward_mean": {
    "agent_0": -155.79537766426802,
    "agent_1": -155.79537766426802,
    "agent_2": -155.79537766426802
  },
  "final_occupied_landmarks_mean": 0.3125,
  "max_occupied_landmarks_mean": 0.84375,
  "final_occupied_landmarks": [
    0,
    0,
    0,
    0,
    1,
    0,
    0,
    1,
    0,
    1,
    2,
    2,
    0,
    0,
    0,
    0,
    0,
    1,
    0,
    0,
    0,
    1,
    0,
    0,
    1,
    0,
    0,
    0,
    0,
    0,
    0,
    0
  ],
  "max_occupied_landmarks": [
    1,
    0,
    1,
    1,
    1,
    1,
    1,
    2,
    1,
    1,
    2,
    2,
    0,
    0,
    1,
    1,
    0,
    1,
    1,
    0,
    1,
    1,
    1,
    1,
    1,
    1,
    1,
    0,
    0,
    1,
    1,
    0
  ],
  "final_unique_landmarks_mean": 2.65625,
  "max_unique_landmarks_mean": 2.78125,
  "final_unique_landmarks": [
    3,
    3,
    2,
    2,
    2,
    3,
    2,
    3,
    3,
    3,
    2,
    3,
    3,
    3,
    3,
    3,
    2,
    3,
    2,
    2,
    3,
    3,
    3,
    3,
    3,
    3,
    2,
    2,
    3,
    3,
    3,
    2
  ],
  "max_unique_landmarks": [
    3,
    3,
    2,
    2,
    3,
    3,
    2,
    3,
    3,
    3,
    2,
    3,
    3,
    3,
    3,
    3,
    3,
    3,
    2,
    2,
    3,
    3,
    3,
    3,
    3,
    3,
    2,
    3,
    3,
    3,
    3,
    3
  ],
  "final_min_distance_sum_mean": 0.8267939188710656,
  "final_min_distance_sum": [
    0.7774754821116598,
    0.7174811954342113,
    1.5679833138343775,
    1.022747711184206,
    0.7908611676595094,
    1.0429089892039767,
    1.2428108718142987,
    0.37025098028998016,
    0.649266916662183,
    1.1668145353641497,
    0.32006079314217184,
    0.6366137379744183,
    0.6378066727018091,
    0.6601506135392151,
    0.8348280870794487,
    0.9179681630441379,
    0.8690242149988572,
    0.8478880768578565,
    0.8609669153058521,
    1.4442147596356965,
    0.4931979193218258,
    0.7004435684523771,
    0.6288517238283081,
    0.7172921974412778,
    0.9950130302478433,
    0.8908378841182657,
    0.5198914804294132,
    1.1822519811436338,
    0.8905654859814518,
    0.5504001153238287,
    0.7827465852883636,
    0.7277902344594928
  ],
  "collision_pair_events_mean": 1.0625,
  "collision_step_rate_mean": 0.04125,
  "final_collision_pairs_mean": 0,
  "max_collision_pairs_mean": 0.4375,
  "collision_pair_events": [
    0,
    0,
    0,
    7,
    0,
    2,
    6,
    2,
    1,
    0,
    1,
    0,
    1,
    0,
    0,
    0,
    3,
    3,
    0,
    0,
    0,
    0,
    2,
    0,
    2,
    0,
    2,
    0,
    0,
    0,
    2,
    0
  ],
  "collision_step_rates": [
    0.0,
    0.0,
    0.0,
    0.24,
    0.0,
    0.08,
    0.24,
    0.08,
    0.04,
    0.0,
    0.04,
    0.0,
    0.04,
    0.0,
    0.0,
    0.0,
    0.12,
    0.12,
    0.0,
    0.0,
    0.0,
    0.0,
    0.08,
    0.0,
    0.08,
    0.0,
    0.08,
    0.0,
    0.0,
    0.0,
    0.08,
    0.0
  ],
  "final_collision_pairs": [
    0,
    0,
    0,
    0,
    0,
    0,
    0,
    0,
    0,
    0,
    0,
    0,
    0,
    0,
    0,
    0,
    0,
    0,
    0,
    0,
    0,
    0,
    0,
    0,
    0,
    0,
    0,
    0,
    0,
    0,
    0,
    0
  ],
  "max_collision_pairs": [
    0,
    0,
    0,
    2,
    0,
    1,
    1,
    1,
    1,
    0,
    1,
    0,
    1,
    0,
    0,
    0,
    1,
    1,
    0,
    0,
    0,
    0,
    1,
    0,
    1,
    0,
    1,
    0,
    0,
    0,
    1,
    0
  ],
  "attack_summary": {
    "poisoned_action_count": 100210,
    "collection_steps": 31250,
    "mean_effective_probability": 0.2
  }
}