{
  "model_path": "E:\\UWMadisonCourses\\2026spring\\CS763\\finalproject\\Behavior-Poisoning\\seed_sweep_p02_results\\checkpoints\\targeted_action_poison_rmappo_seed21\\models",
  "episodes": 32,
  "deterministic": true,
  "team_reward_mean": -484.6962021589279,
  "team_reward_std": 62.86119585240997,
  "episode_length_mean": 25,
  "episode_length_std": 0.0,
  "team_rewards": [
    -500.3203401565552,
    -419.0971040725708,
    -466.07708168029785,
    -475.69952392578125,
    -390.9630479812622,
    -515.8440628051758,
    -590.4196014404297,
    -549.5052452087402,
    -536.2194871902466,
    -505.06742668151855,
    -517.53932762146,
    -431.440390586853,
    -436.0140953063965,
    -629.3762550354004,
    -426.8742618560791,
    -443.1360788345337,
    -486.754337310791,
    -484.5020217895508,
    -528.9122467041016,
    -560.3896532058716,
    -515.5409965515137,
    -412.09998989105225,
    -620.3658828735352,
    -370.0196714401245,
    -418.0896997451782,
    -519.5191822052002,
    -496.6896686553955,
    -496.03381156921387,
    -434.00086879730225,
    -480.5823726654053,
    -415.3016405105591,
    -437.88309478759766
  ],
  "episode_lengths": [
    25,
    25,
    25,
    25,
    25,
    25,
    25,
    25,
    25,
    25,
    25,
    25,
    25,
    25,
    25,
    25,
    25,
    25,
    25,
    25,
    25,
    25,
    25,
    25,
    25,
    25,
    25,
    25,
    25,
    25,
    25,
    25
  ],
  "per_agent_reward_mean": {
    "agent_0": -161.56540055572987,
    "agent_1": -161.56540055572987,
    "agent_2": -161.56540055572987
  },
  "final_occupied_landmarks_mean": 0.25,
  "max_occupied_landmarks_mean": 0.96875,
  "final_occupied_landmarks": [
    0,
    0,
    0,
    1,
    2,
    0,
    0,
    0,
    0,
    0,
    0,
    0,
    0,
    0,
    0,
    0,
    0,
    0,
    0,
    0,
    0,
    1,
    0,
    1,
    2,
    0,
    1,
    0,
    0,
    0,
    0,
    0
  ],
  "max_occupied_landmarks": [
    2,
    1,
    1,
    1,
    2,
    1,
    1,
    1,
    1,
    1,
    1,
    1,
    0,
    0,
    0,
    1,
    1,
    1,
    1,
    1,
    1,
    2,
    1,
    1,
    2,
    0,
    1,
    0,
    1,
    1,
    1,
    1
  ],
  "final_unique_landmarks_mean": 2.4375,
  "max_unique_landmarks_mean": 2.84375,
  "final_unique_landmarks": [
    2,
    3,
    3,
    2,
    2,
    2,
    2,
    3,
    3,
    3,
    3,
    2,
    3,
    2,
    3,
    3,
    3,
    3,
    3,
    2,
    2,
    3,
    1,
    3,
    2,
    2,
    2,
    2,
    2,
    2,
    3,
    2
  ],
  "max_unique_landmarks": [
    3,
    3,
    3,
    3,
    3,
    3,
    3,
    3,
    3,
    3,
    3,
    3,
    3,
    3,
    3,
    3,
    3,
    3,
    3,
    2,
    3,
    3,
    2,
    3,
    3,
    2,
    3,
    2,
    3,
    2,
    3,
    3
  ],
  "final_min_distance_sum_mean": 0.9086937634185847,
  "final_min_distance_sum": [
    1.2570642557626202,
    0.9366484408735722,
    0.9821716545369275,
    0.7532818245831246,
    0.5363369795772204,
    0.9235484232219686,
    1.148975655495589,
    1.3666370688840228,
    0.5433372261234599,
    0.8006492001790841,
    0.9301562818129043,
    0.905688817276597,
    0.8333351541616635,
    1.5974404181328845,
    0.8629150005755766,
    0.5861859189318468,
    0.8264739121861895,
    1.0976172353086673,
    1.0126673486686526,
    0.768793477860969,
    1.1795580544586555,
    0.4378179332475761,
    1.3972593176107964,
    0.42453521322708865,
    0.5139325467274026,
    0.9720781650541772,
    0.5520624745121676,
    1.1783781283444117,
    0.9476911573640442,
    1.1956867679135312,
    0.6070028838006509,
    1.0022734929806663
  ],
  "collision_pair_events_mean": 2.6875,
  "collision_step_rate_mean": 0.10375,
  "final_collision_pairs_mean": 0.03125,
  "max_collision_pairs_mean": 0.71875,
  "collision_pair_events": [
    0,
    0,
    2,
    2,
    3,
    3,
    12,
    3,
    11,
    2,
    1,
    2,
    1,
    1,
    0,
    0,
    2,
    0,
    2,
    12,
    0,
    0,
    11,
    2,
    3,
    0,
    7,
    2,
    0,
    0,
    2,
    0
  ],
  "collision_step_rates": [
    0.0,
    0.0,
    0.08,
    0.08,
    0.12,
    0.12,
    0.48,
    0.12,
    0.4,
    0.08,
    0.04,
    0.08,
    0.04,
    0.04,
    0.0,
    0.0,
    0.08,
    0.0,
    0.08,
    0.4,
    0.0,
    0.0,
    0.44,
    0.08,
    0.12,
    0.0,
    0.28,
    0.08,
    0.0,
    0.0,
    0.08,
    0.0
  ],
  "final_collision_pairs": [
    0,
    0,
    0,
    0,
    0,
    0,
    0,
    0,
    0,
    0,
    0,
    0,
    0,
    0,
    0,
    0,
    0,
    0,
    0,
    0,
    0,
    0,
    1,
    0,
    0,
    0,
    0,
    0,
    0,
    0,
    0,
    0
  ],
  "max_collision_pairs": [
    0,
    0,
    1,
    1,
    1,
    1,
    1,
    1,
    2,
    1,
    1,
    1,
    1,
    1,
    0,
    0,
    1,
    0,
    1,
    2,
    0,
    0,
    1,
    1,
    1,
    0,
    1,
    1,
    0,
    0,
    1,
    0
  ],
  "attack_summary": {
    "poisoned_action_count": 100216,
    "collection_steps": 31250,
    "mean_effective_probability": 0.2
  }
}