{
  "model_path": "E:\\UWMadisonCourses\\2026spring\\CS763\\finalproject\\Behavior-Poisoning\\seed_sweep_p02_results\\checkpoints\\targeted_action_poison_rmappo_seed13\\models",
  "episodes": 32,
  "deterministic": true,
  "team_reward_mean": -483.70239320397377,
  "team_reward_std": 54.75748744318734,
  "episode_length_mean": 25,
  "episode_length_std": 0.0,
  "team_rewards": [
    -443.8271026611328,
    -433.11820793151855,
    -532.8305263519287,
    -435.48525619506836,
    -561.6601419448853,
    -490.81804847717285,
    -440.344277381897,
    -530.948278427124,
    -475.47323989868164,
    -461.70555877685547,
    -484.7752227783203,
    -457.64581298828125,
    -402.7470941543579,
    -478.7150707244873,
    -452.14768409729004,
    -436.4000873565674,
    -460.247407913208,
    -529.0877208709717,
    -541.6170082092285,
    -555.2240009307861,
    -402.12060928344727,
    -552.1414012908936,
    -499.03515434265137,
    -587.0621910095215,
    -519.9786739349365,
    -478.7670364379883,
    -487.2746868133545,
    -417.05268478393555,
    -590.923469543457,
    -482.90153884887695,
    -495.23400592803955,
    -361.1673822402954
  ],
  "episode_lengths": [
    25,
    25,
    25,
    25,
    25,
    25,
    25,
    25,
    25,
    25,
    25,
    25,
    25,
    25,
    25,
    25,
    25,
    25,
    25,
    25,
    25,
    25,
    25,
    25,
    25,
    25,
    25,
    25,
    25,
    25,
    25,
    25
  ],
  "per_agent_reward_mean": {
    "agent_0": -161.23413114249706,
    "agent_1": -161.23413114249706,
    "agent_2": -161.23413114249706
  },
  "final_occupied_landmarks_mean": 0.25,
  "max_occupied_landmarks_mean": 0.96875,
  "final_occupied_landmarks": [
    0,
    0,
    0,
    0,
    1,
    0,
    1,
    0,
    0,
    0,
    0,
    0,
    0,
    0,
    0,
    1,
    0,
    0,
    0,
    1,
    0,
    0,
    0,
    0,
    0,
    0,
    0,
    2,
    0,
    0,
    1,
    1
  ],
  "max_occupied_landmarks": [
    1,
    0,
    1,
    0,
    1,
    1,
    1,
    0,
    1,
    1,
    1,
    1,
    2,
    1,
    2,
    1,
    2,
    1,
    1,
    1,
    2,
    1,
    0,
    0,
    1,
    1,
    1,
    2,
    0,
    1,
    1,
    1
  ],
  "final_unique_landmarks_mean": 2.375,
  "max_unique_landmarks_mean": 2.8125,
  "final_unique_landmarks": [
    2,
    2,
    2,
    2,
    2,
    3,
    3,
    3,
    3,
    2,
    3,
    3,
    3,
    3,
    3,
    2,
    1,
    2,
    2,
    1,
    3,
    2,
    3,
    2,
    2,
    2,
    2,
    3,
    3,
    2,
    3,
    2
  ],
  "max_unique_landmarks": [
    3,
    2,
    3,
    3,
    3,
    3,
    3,
    3,
    3,
    2,
    3,
    3,
    3,
    3,
    3,
    3,
    3,
    3,
    2,
    2,
    3,
    3,
    3,
    2,
    2,
    3,
    3,
    3,
    3,
    3,
    3,
    3
  ],
  "final_min_distance_sum_mean": 1.059267604897428,
  "final_min_distance_sum": [
    0.9933515393520872,
    0.8733220607016681,
    1.6657450628211186,
    1.047615909113873,
    0.9519141653194907,
    1.0129504713056665,
    0.7124554211091572,
    1.4279147640555832,
    1.1922678278374652,
    1.1764295723458624,
    1.0289247551667966,
    0.4763364565404976,
    0.7068702315285895,
    0.8391727555866457,
    0.8911060610246422,
    0.9957899583279257,
    1.2579486592485423,
    0.9541830678351702,
    1.1706210697022423,
    1.429393584453977,
    0.6702828593160137,
    1.1974288026067443,
    1.2738342431377285,
    1.5653692682361757,
    0.8590519162345372,
    1.050763058357066,
    1.1802015215507833,
    0.5158928616198295,
    1.8810079321688198,
    1.5429126625814666,
    0.7077240963651784,
    0.6477807411663525
  ],
  "collision_pair_events_mean": 1.40625,
  "collision_step_rate_mean": 0.05625,
  "final_collision_pairs_mean": 0.03125,
  "max_collision_pairs_mean": 0.5,
  "collision_pair_events": [
    0,
    0,
    2,
    0,
    2,
    0,
    1,
    0,
    0,
    4,
    7,
    0,
    2,
    2,
    1,
    0,
    0,
    0,
    2,
    0,
    5,
    0,
    3,
    0,
    2,
    6,
    0,
    0,
    1,
    0,
    4,
    1
  ],
  "collision_step_rates": [
    0.0,
    0.0,
    0.08,
    0.0,
    0.08,
    0.0,
    0.04,
    0.0,
    0.0,
    0.16,
    0.28,
    0.0,
    0.08,
    0.08,
    0.04,
    0.0,
    0.0,
    0.0,
    0.08,
    0.0,
    0.2,
    0.0,
    0.12,
    0.0,
    0.08,
    0.24,
    0.0,
    0.0,
    0.04,
    0.0,
    0.16,
    0.04
  ],
  "final_collision_pairs": [
    0,
    0,
    0,
    0,
    1,
    0,
    0,
    0,
    0,
    0,
    0,
    0,
    0,
    0,
    0,
    0,
    0,
    0,
    0,
    0,
    0,
    0,
    0,
    0,
    0,
    0,
    0,
    0,
    0,
    0,
    0,
    0
  ],
  "max_collision_pairs": [
    0,
    0,
    1,
    0,
    1,
    0,
    1,
    0,
    0,
    1,
    1,
    0,
    1,
    1,
    1,
    0,
    0,
    0,
    1,
    0,
    1,
    0,
    1,
    0,
    1,
    1,
    0,
    0,
    1,
    0,
    1,
    1
  ],
  "attack_summary": {
    "poisoned_action_count": 100042,
    "collection_steps": 31250,
    "mean_effective_probability": 0.2
  }
}