{
  "model_path": "E:\\UWMadisonCourses\\2026spring\\CS763\\finalproject\\Behavior-Poisoning\\seed_sweep_p02_results\\checkpoints\\targeted_action_poison_rmappo_seed31\\models",
  "episodes": 32,
  "deterministic": true,
  "team_reward_mean": -472.8350155353546,
  "team_reward_std": 62.94220250177848,
  "episode_length_mean": 25,
  "episode_length_std": 0.0,
  "team_rewards": [
    -500.93398666381836,
    -603.4713592529297,
    -348.277268409729,
    -577.7280006408691,
    -560.5969409942627,
    -556.4152889251709,
    -514.6876907348633,
    -428.3370141983032,
    -459.80615997314453,
    -477.40697288513184,
    -486.7059965133667,
    -500.8063793182373,
    -518.5270233154297,
    -400.2593231201172,
    -387.56035709381104,
    -569.6985530853271,
    -474.2668113708496,
    -481.74599742889404,
    -494.39491081237793,
    -418.4493579864502,
    -448.1998996734619,
    -473.4640407562256,
    -406.4242515563965,
    -517.9319448471069,
    -429.1496858596802,
    -416.8543577194214,
    -414.3985834121704,
    -432.0559196472168,
    -382.94247817993164,
    -524.7495565414429,
    -521.954423904419,
    -402.519962310791
  ],
  "episode_lengths": [
    25,
    25,
    25,
    25,
    25,
    25,
    25,
    25,
    25,
    25,
    25,
    25,
    25,
    25,
    25,
    25,
    25,
    25,
    25,
    25,
    25,
    25,
    25,
    25,
    25,
    25,
    25,
    25,
    25,
    25,
    25,
    25
  ],
  "per_agent_reward_mean": {
    "agent_0": -157.61167181283236,
    "agent_1": -157.61167181283236,
    "agent_2": -157.61167181283236
  },
  "final_occupied_landmarks_mean": 0.3125,
  "max_occupied_landmarks_mean": 0.96875,
  "final_occupied_landmarks": [
    0,
    0,
    1,
    0,
    0,
    0,
    0,
    0,
    0,
    0,
    2,
    0,
    0,
    1,
    1,
    0,
    1,
    0,
    0,
    0,
    0,
    0,
    1,
    0,
    1,
    1,
    0,
    0,
    0,
    0,
    0,
    1
  ],
  "max_occupied_landmarks": [
    1,
    0,
    2,
    0,
    1,
    2,
    0,
    1,
    1,
    1,
    2,
    1,
    0,
    2,
    2,
    1,
    1,
    1,
    1,
    1,
    1,
    0,
    2,
    1,
    1,
    1,
    1,
    0,
    1,
    0,
    1,
    1
  ],
  "final_unique_landmarks_mean": 2.59375,
  "max_unique_landmarks_mean": 2.8125,
  "final_unique_landmarks": [
    3,
    1,
    3,
    3,
    3,
    3,
    2,
    2,
    3,
    3,
    2,
    2,
    2,
    3,
    2,
    2,
    3,
    3,
    2,
    2,
    2,
    3,
    3,
    3,
    3,
    3,
    3,
    2,
    3,
    3,
    3,
    3
  ],
  "max_unique_landmarks": [
    3,
    2,
    3,
    3,
    3,
    3,
    2,
    2,
    3,
    3,
    3,
    3,
    2,
    3,
    2,
    2,
    3,
    3,
    3,
    3,
    3,
    3,
    3,
    3,
    3,
    3,
    3,
    3,
    3,
    3,
    3,
    3
  ],
  "final_min_distance_sum_mean": 0.8772224602830991,
  "final_min_distance_sum": [
    0.760936993562076,
    1.5110273898150477,
    0.3867594573590991,
    1.529160184308333,
    1.3170900325097554,
    1.168415954528854,
    1.0620881364414962,
    0.844780271930137,
    0.9156365493400499,
    0.8086172505440719,
    0.5933521269217037,
    1.1049220961402322,
    1.2553493146073893,
    0.8149876896568308,
    0.45046252924203833,
    1.3604636628318478,
    0.5431507600599621,
    0.7414356264528812,
    1.1849597009511434,
    0.7553036353068907,
    0.9744523475763177,
    1.1398485149753514,
    0.5389088938495488,
    0.7117514741895377,
    0.5377990342198088,
    0.5810456554815778,
    0.7720879952545205,
    0.8392314600193843,
    0.6573965737232089,
    0.689005680370887,
    0.9465077709785967,
    0.5741839659105921
  ],
  "collision_pair_events_mean": 1.0625,
  "collision_step_rate_mean": 0.0425,
  "final_collision_pairs_mean": 0,
  "max_collision_pairs_mean": 0.34375,
  "collision_pair_events": [
    5,
    3,
    0,
    0,
    0,
    6,
    0,
    0,
    0,
    1,
    1,
    0,
    0,
    0,
    0,
    0,
    0,
    6,
    0,
    0,
    0,
    0,
    5,
    1,
    2,
    0,
    0,
    0,
    0,
    3,
    1,
    0
  ],
  "collision_step_rates": [
    0.2,
    0.12,
    0.0,
    0.0,
    0.0,
    0.24,
    0.0,
    0.0,
    0.0,
    0.04,
    0.04,
    0.0,
    0.0,
    0.0,
    0.0,
    0.0,
    0.0,
    0.24,
    0.0,
    0.0,
    0.0,
    0.0,
    0.2,
    0.04,
    0.08,
    0.0,
    0.0,
    0.0,
    0.0,
    0.12,
    0.04,
    0.0
  ],
  "final_collision_pairs": [
    0,
    0,
    0,
    0,
    0,
    0,
    0,
    0,
    0,
    0,
    0,
    0,
    0,
    0,
    0,
    0,
    0,
    0,
    0,
    0,
    0,
    0,
    0,
    0,
    0,
    0,
    0,
    0,
    0,
    0,
    0,
    0
  ],
  "max_collision_pairs": [
    1,
    1,
    0,
    0,
    0,
    1,
    0,
    0,
    0,
    1,
    1,
    0,
    0,
    0,
    0,
    0,
    0,
    1,
    0,
    0,
    0,
    0,
    1,
    1,
    1,
    0,
    0,
    0,
    0,
    1,
    1,
    0
  ],
  "attack_summary": {
    "poisoned_action_count": 99521,
    "collection_steps": 31250,
    "mean_effective_probability": 0.2
  }
}