{
  "model_path": "E:\\UWMadisonCourses\\2026spring\\CS763\\finalproject\\Behavior-Poisoning\\seed_sweep_p02_results\\checkpoints\\targeted_action_poison_rmappo_seed7\\models",
  "episodes": 32,
  "deterministic": true,
  "team_reward_mean": -518.7471556067467,
  "team_reward_std": 64.77245535647737,
  "episode_length_mean": 25,
  "episode_length_std": 0.0,
  "team_rewards": [
    -549.1933174133301,
    -514.5155658721924,
    -590.1246376037598,
    -464.04447174072266,
    -594.4179134368896,
    -634.4801235198975,
    -537.8493213653564,
    -352.00193309783936,
    -518.2675914764404,
    -453.9465866088867,
    -551.0336227416992,
    -552.106611251831,
    -444.6674327850342,
    -559.388090133667,
    -524.1984214782715,
    -436.9421634674072,
    -473.53856468200684,
    -470.6486701965332,
    -457.70151710510254,
    -471.4814443588257,
    -535.95871925354,
    -535.8538646697998,
    -492.7183437347412,
    -522.2642669677734,
    -556.7010955810547,
    -464.73337173461914,
    -500.3450107574463,
    -677.1608352661133,
    -553.9539737701416,
    -561.4112167358398,
    -605.4083099365234,
    -442.8519706726074
  ],
  "episode_lengths": [
    25,
    25,
    25,
    25,
    25,
    25,
    25,
    25,
    25,
    25,
    25,
    25,
    25,
    25,
    25,
    25,
    25,
    25,
    25,
    25,
    25,
    25,
    25,
    25,
    25,
    25,
    25,
    25,
    25,
    25,
    25,
    25
  ],
  "per_agent_reward_mean": {
    "agent_0": -172.91571858525276,
    "agent_1": -172.91571858525276,
    "agent_2": -172.91571858525276
  },
  "final_occupied_landmarks_mean": 0.125,
  "max_occupied_landmarks_mean": 0.75,
  "final_occupied_landmarks": [
    1,
    0,
    0,
    0,
    0,
    0,
    0,
    1,
    0,
    0,
    0,
    0,
    0,
    0,
    0,
    0,
    0,
    0,
    0,
    0,
    0,
    1,
    0,
    0,
    1,
    0,
    0,
    0,
    0,
    0,
    0,
    0
  ],
  "max_occupied_landmarks": [
    1,
    0,
    1,
    1,
    1,
    1,
    1,
    2,
    0,
    1,
    0,
    1,
    1,
    1,
    1,
    1,
    0,
    1,
    1,
    1,
    1,
    1,
    1,
    0,
    1,
    1,
    0,
    0,
    1,
    0,
    0,
    1
  ],
  "final_unique_landmarks_mean": 2.3125,
  "max_unique_landmarks_mean": 2.75,
  "final_unique_landmarks": [
    2,
    2,
    2,
    3,
    2,
    2,
    2,
    2,
    2,
    3,
    3,
    2,
    3,
    2,
    3,
    2,
    3,
    2,
    1,
    2,
    3,
    2,
    2,
    2,
    3,
    3,
    3,
    1,
    3,
    2,
    2,
    3
  ],
  "max_unique_landmarks": [
    3,
    3,
    2,
    3,
    2,
    2,
    3,
    2,
    2,
    3,
    3,
    3,
    3,
    3,
    3,
    3,
    3,
    2,
    3,
    3,
    3,
    2,
    3,
    3,
    3,
    3,
    3,
    3,
    3,
    2,
    3,
    3
  ],
  "final_min_distance_sum_mean": 1.1411648309071032,
  "final_min_distance_sum": [
    1.3283842039008422,
    1.068471869275157,
    1.554095640515515,
    1.1979893393003402,
    1.4723261988757703,
    1.413803441256183,
    1.2065823731337568,
    0.3793614631081976,
    1.0684494101356963,
    0.8849406630527745,
    1.2347906198430794,
    1.0281191552865214,
    0.65163098435043,
    1.2512234674680915,
    0.9940529364272281,
    0.7993647834699982,
    1.0334643758025308,
    0.7686754902719963,
    0.8998092954035607,
    1.2150230228512067,
    1.3636646151849643,
    1.1972813769932895,
    0.9133159600741539,
    1.0811834684094201,
    0.9991246804375997,
    1.1705741230292925,
    1.2538748718555137,
    1.778841828630056,
    1.7732445057201767,
    1.1937989716284005,
    1.6314958952035492,
    0.710315558132012
  ],
  "collision_pair_events_mean": 2.6875,
  "collision_step_rate_mean": 0.10375,
  "final_collision_pairs_mean": 0.0625,
  "max_collision_pairs_mean": 0.75,
  "collision_pair_events": [
    3,
    5,
    8,
    0,
    6,
    6,
    6,
    0,
    0,
    1,
    0,
    9,
    2,
    1,
    2,
    0,
    0,
    0,
    7,
    1,
    3,
    3,
    5,
    2,
    3,
    0,
    0,
    9,
    0,
    3,
    1,
    0
  ],
  "collision_step_rates": [
    0.12,
    0.2,
    0.28,
    0.0,
    0.24,
    0.2,
    0.24,
    0.0,
    0.0,
    0.04,
    0.0,
    0.36,
    0.08,
    0.04,
    0.08,
    0.0,
    0.0,
    0.0,
    0.28,
    0.04,
    0.12,
    0.12,
    0.2,
    0.08,
    0.12,
    0.0,
    0.0,
    0.32,
    0.0,
    0.12,
    0.04,
    0.0
  ],
  "final_collision_pairs": [
    0,
    1,
    0,
    0,
    0,
    0,
    0,
    0,
    0,
    0,
    0,
    0,
    0,
    0,
    0,
    0,
    0,
    0,
    0,
    0,
    0,
    0,
    0,
    0,
    0,
    0,
    0,
    1,
    0,
    0,
    0,
    0
  ],
  "max_collision_pairs": [
    1,
    1,
    2,
    0,
    1,
    2,
    1,
    0,
    0,
    1,
    0,
    1,
    1,
    1,
    1,
    0,
    0,
    0,
    1,
    1,
    1,
    1,
    1,
    1,
    1,
    0,
    0,
    2,
    0,
    1,
    1,
    0
  ],
  "attack_summary": {
    "poisoned_action_count": 99870,
    "collection_steps": 31250,
    "mean_effective_probability": 0.2
  }
}