{
  "model_path": "E:\\UWMadisonCourses\\2026spring\\CS763\\finalproject\\Behavior-Poisoning\\seed_sweep_p02_results\\checkpoints\\targeted_action_poison_rmappo_seed37\\models",
  "episodes": 32,
  "deterministic": true,
  "team_reward_mean": -493.66089510917664,
  "team_reward_std": 66.7839561448381,
  "episode_length_mean": 25,
  "episode_length_std": 0.0,
  "team_rewards": [
    -579.3296241760254,
    -500.66788482666016,
    -555.235330581665,
    -538.1435375213623,
    -503.8943672180176,
    -642.2130298614502,
    -477.2845792770386,
    -378.25471687316895,
    -424.9966344833374,
    -524.2197980880737,
    -507.5473928451538,
    -503.7103691101074,
    -424.4404706954956,
    -459.44071769714355,
    -474.84306144714355,
    -448.53800773620605,
    -370.53754806518555,
    -618.4752941131592,
    -444.6375541687012,
    -510.04905128479004,
    -433.6400079727173,
    -510.490629196167,
    -452.0578966140747,
    -531.4131164550781,
    -540.1513633728027,
    -423.5226364135742,
    -479.38691997528076,
    -556.8814125061035,
    -425.4339761734009,
    -412.7167730331421,
    -617.9956092834473,
    -526.9993324279785
  ],
  "episode_lengths": [
    25,
    25,
    25,
    25,
    25,
    25,
    25,
    25,
    25,
    25,
    25,
    25,
    25,
    25,
    25,
    25,
    25,
    25,
    25,
    25,
    25,
    25,
    25,
    25,
    25,
    25,
    25,
    25,
    25,
    25,
    25,
    25
  ],
  "per_agent_reward_mean": {
    "agent_0": -164.5536317154765,
    "agent_1": -164.5536317154765,
    "agent_2": -164.5536317154765
  },
  "final_occupied_landmarks_mean": 0.25,
  "max_occupied_landmarks_mean": 0.78125,
  "final_occupied_landmarks": [
    0,
    0,
    0,
    0,
    0,
    0,
    0,
    0,
    0,
    0,
    0,
    0,
    0,
    1,
    0,
    0,
    2,
    0,
    0,
    0,
    1,
    0,
    0,
    0,
    0,
    1,
    0,
    0,
    2,
    1,
    0,
    0
  ],
  "max_occupied_landmarks": [
    0,
    0,
    1,
    0,
    0,
    1,
    0,
    2,
    2,
    2,
    1,
    1,
    1,
    1,
    1,
    0,
    3,
    1,
    0,
    0,
    1,
    1,
    1,
    0,
    0,
    1,
    0,
    0,
    2,
    1,
    1,
    0
  ],
  "final_unique_landmarks_mean": 2.5,
  "max_unique_landmarks_mean": 2.78125,
  "final_unique_landmarks": [
    2,
    3,
    3,
    3,
    3,
    2,
    1,
    2,
    2,
    2,
    2,
    2,
    2,
    3,
    3,
    3,
    3,
    2,
    3,
    3,
    3,
    2,
    3,
    3,
    3,
    2,
    2,
    3,
    2,
    3,
    2,
    3
  ],
  "max_unique_landmarks": [
    2,
    3,
    3,
    3,
    3,
    2,
    3,
    3,
    3,
    3,
    3,
    2,
    3,
    3,
    3,
    3,
    3,
    2,
    3,
    3,
    3,
    3,
    3,
    3,
    3,
    3,
    2,
    3,
    2,
    3,
    2,
    3
  ],
  "final_min_distance_sum_mean": 0.9708546164662121,
  "final_min_distance_sum": [
    1.1912160809389307,
    1.1570696323854859,
    1.5214890949012998,
    0.9738901700993923,
    0.9569560923233384,
    1.2815726273759542,
    1.3485158478740698,
    0.7848977858014333,
    0.685508188822975,
    1.1599620988492871,
    1.1432697697484926,
    1.1694542951953573,
    0.7231110829109345,
    0.7909635075843213,
    1.2377515447721907,
    0.7859178531828395,
    0.3465318322253332,
    1.3306281679525813,
    0.9546298914256621,
    1.275656960602162,
    0.6853824721724943,
    1.1539377410177774,
    0.7436798989642444,
    0.8254743433771522,
    1.0918803724066515,
    0.5754801880774402,
    0.6588547827214672,
    1.0759847207859494,
    0.27703511883005993,
    0.6262749968751489,
    1.241211739289874,
    1.2931588274284849
  ],
  "collision_pair_events_mean": 2.625,
  "collision_step_rate_mean": 0.10250000000000001,
  "final_collision_pairs_mean": 0.0625,
  "max_collision_pairs_mean": 0.625,
  "collision_pair_events": [
    3,
    0,
    0,
    1,
    0,
    17,
    0,
    1,
    2,
    0,
    4,
    0,
    1,
    1,
    0,
    2,
    1,
    5,
    1,
    0,
    0,
    1,
    2,
    0,
    7,
    8,
    1,
    0,
    8,
    0,
    18,
    0
  ],
  "collision_step_rates": [
    0.12,
    0.0,
    0.0,
    0.04,
    0.0,
    0.68,
    0.0,
    0.04,
    0.08,
    0.0,
    0.16,
    0.0,
    0.04,
    0.04,
    0.0,
    0.08,
    0.04,
    0.2,
    0.04,
    0.0,
    0.0,
    0.04,
    0.08,
    0.0,
    0.28,
    0.32,
    0.04,
    0.0,
    0.32,
    0.0,
    0.64,
    0.0
  ],
  "final_collision_pairs": [
    0,
    0,
    0,
    0,
    0,
    1,
    0,
    0,
    0,
    0,
    0,
    0,
    0,
    0,
    0,
    0,
    0,
    0,
    0,
    0,
    0,
    0,
    0,
    0,
    0,
    0,
    0,
    0,
    1,
    0,
    0,
    0
  ],
  "max_collision_pairs": [
    1,
    0,
    0,
    1,
    0,
    1,
    0,
    1,
    1,
    0,
    1,
    0,
    1,
    1,
    0,
    1,
    1,
    1,
    1,
    0,
    0,
    1,
    1,
    0,
    1,
    1,
    1,
    0,
    1,
    0,
    2,
    0
  ],
  "attack_summary": {
    "poisoned_action_count": 100167,
    "collection_steps": 31250,
    "mean_effective_probability": 0.2
  }
}