{
  "model_path": "seed_sweep_p03_results\\checkpoints\\clean_rmappo_seed7\\models",
  "episodes": 32,
  "deterministic": true,
  "team_reward_mean": -488.441629499197,
  "team_reward_std": 71.03096526688735,
  "episode_length_mean": 25,
  "episode_length_std": 0.0,
  "team_rewards": [
    -462.7043876647949,
    -429.9036331176758,
    -510.0676574707031,
    -603.2226943969727,
    -610.6712322235107,
    -573.2839794158936,
    -389.7914066314697,
    -365.46390438079834,
    -419.6151075363159,
    -421.2221565246582,
    -581.0892448425293,
    -530.171308517456,
    -494.55734634399414,
    -552.459156036377,
    -452.14599418640137,
    -435.81161308288574,
    -500.91654205322266,
    -552.4582939147949,
    -483.1206474304199,
    -387.2600517272949,
    -406.14954471588135,
    -418.10810470581055,
    -524.2237606048584,
    -553.8274402618408,
    -547.53000831604,
    -474.36543464660645,
    -399.27716159820557,
    -636.4938411712646,
    -510.827579498291,
    -433.6847562789917,
    -489.6172733306885,
    -480.09088134765625
  ],
  "episode_lengths": [
    25,
    25,
    25,
    25,
    25,
    25,
    25,
    25,
    25,
    25,
    25,
    25,
    25,
    25,
    25,
    25,
    25,
    25,
    25,
    25,
    25,
    25,
    25,
    25,
    25,
    25,
    25,
    25,
    25,
    25,
    25,
    25
  ],
  "per_agent_reward_mean": {
    "agent_0": -162.81387665867805,
    "agent_1": -162.81387665867805,
    "agent_2": -162.81387665867805
  },
  "final_occupied_landmarks_mean": 0.21875,
  "max_occupied_landmarks_mean": 0.78125,
  "final_occupied_landmarks": [
    2,
    1,
    0,
    0,
    0,
    0,
    0,
    0,
    1,
    0,
    0,
    0,
    0,
    0,
    0,
    0,
    0,
    0,
    0,
    2,
    1,
    0,
    0,
    0,
    0,
    0,
    0,
    0,
    0,
    0,
    0,
    0
  ],
  "max_occupied_landmarks": [
    2,
    1,
    1,
    0,
    0,
    1,
    1,
    1,
    2,
    1,
    0,
    1,
    1,
    1,
    1,
    1,
    0,
    0,
    0,
    2,
    1,
    1,
    1,
    0,
    0,
    0,
    1,
    0,
    0,
    1,
    2,
    1
  ],
  "final_unique_landmarks_mean": 2.4375,
  "max_unique_landmarks_mean": 2.75,
  "final_unique_landmarks": [
    3,
    3,
    3,
    2,
    2,
    2,
    3,
    2,
    3,
    2,
    2,
    2,
    2,
    3,
    2,
    3,
    3,
    2,
    2,
    3,
    3,
    3,
    2,
    3,
    3,
    2,
    3,
    2,
    2,
    2,
    2,
    2
  ],
  "max_unique_landmarks": [
    3,
    3,
    3,
    2,
    2,
    2,
    3,
    2,
    3,
    3,
    2,
    2,
    3,
    3,
    3,
    3,
    3,
    3,
    2,
    3,
    3,
    3,
    3,
    3,
    3,
    3,
    3,
    3,
    3,
    3,
    2,
    3
  ],
  "final_min_distance_sum_mean": 0.9624315203063514,
  "final_min_distance_sum": [
    0.715820866565193,
    0.5081182240117703,
    0.9934828240263417,
    1.5524164840834704,
    1.6249385077252405,
    1.650390679943156,
    0.7594720475450893,
    0.524488098606606,
    0.6934882436604998,
    0.8431098425942153,
    1.2340380233656474,
    1.0571150698250036,
    1.1040968819059849,
    0.9297497988034307,
    1.0500946612823658,
    0.508980163912732,
    0.8657310585380772,
    0.9523872612414784,
    1.1164587517559248,
    0.4790977597606436,
    0.5413675130810915,
    0.5725882808459182,
    1.3341016393918474,
    0.8680663958481716,
    0.8952693110091594,
    1.0748816112939612,
    0.642957455879364,
    1.733092369322383,
    1.3079688759040864,
    0.6778506623581856,
    0.8977663389334746,
    1.0884229467827304
  ],
  "collision_pair_events_mean": 1.03125,
  "collision_step_rate_mean": 0.04,
  "final_collision_pairs_mean": 0,
  "max_collision_pairs_mean": 0.46875,
  "collision_pair_events": [
    0,
    1,
    0,
    1,
    4,
    0,
    0,
    0,
    2,
    0,
    0,
    3,
    3,
    0,
    0,
    6,
    0,
    0,
    0,
    1,
    2,
    1,
    2,
    2,
    1,
    0,
    0,
    0,
    0,
    0,
    0,
    4
  ],
  "collision_step_rates": [
    0.0,
    0.04,
    0.0,
    0.04,
    0.12,
    0.0,
    0.0,
    0.0,
    0.08,
    0.0,
    0.0,
    0.12,
    0.12,
    0.0,
    0.0,
    0.24,
    0.0,
    0.0,
    0.0,
    0.04,
    0.08,
    0.04,
    0.08,
    0.08,
    0.04,
    0.0,
    0.0,
    0.0,
    0.0,
    0.0,
    0.0,
    0.16
  ],
  "final_collision_pairs": [
    0,
    0,
    0,
    0,
    0,
    0,
    0,
    0,
    0,
    0,
    0,
    0,
    0,
    0,
    0,
    0,
    0,
    0,
    0,
    0,
    0,
    0,
    0,
    0,
    0,
    0,
    0,
    0,
    0,
    0,
    0,
    0
  ],
  "max_collision_pairs": [
    0,
    1,
    0,
    1,
    2,
    0,
    0,
    0,
    1,
    0,
    0,
    1,
    1,
    0,
    0,
    1,
    0,
    0,
    0,
    1,
    1,
    1,
    1,
    1,
    1,
    0,
    0,
    0,
    0,
    0,
    0,
    1
  ]
}