{
  "model_path": "seed_sweep_p03_results\\checkpoints\\clean_rmappo_seed21\\models",
  "episodes": 32,
  "deterministic": true,
  "team_reward_mean": -474.310477823019,
  "team_reward_std": 56.202404844818,
  "episode_length_mean": 25,
  "episode_length_std": 0.0,
  "team_rewards": [
    -416.5713539123535,
    -391.4586362838745,
    -481.7421817779541,
    -502.7674961090088,
    -442.2478275299072,
    -462.8379774093628,
    -508.30809783935547,
    -441.4172191619873,
    -494.5976333618164,
    -493.73902893066406,
    -527.1334209442139,
    -471.5674991607666,
    -408.1626625061035,
    -637.7543678283691,
    -542.9323387145996,
    -476.4907474517822,
    -543.6788787841797,
    -460.38765144348145,
    -507.21065521240234,
    -507.98784828186035,
    -476.93319511413574,
    -439.25633907318115,
    -523.6919460296631,
    -381.0722827911377,
    -393.16000175476074,
    -565.9112224578857,
    -489.44001960754395,
    -467.8755512237549,
    -385.08794593811035,
    -466.70149993896484,
    -409.72976875305176,
    -460.081995010376
  ],
  "episode_lengths": [
    25,
    25,
    25,
    25,
    25,
    25,
    25,
    25,
    25,
    25,
    25,
    25,
    25,
    25,
    25,
    25,
    25,
    25,
    25,
    25,
    25,
    25,
    25,
    25,
    25,
    25,
    25,
    25,
    25,
    25,
    25,
    25
  ],
  "per_agent_reward_mean": {
    "agent_0": -158.10349243879318,
    "agent_1": -158.10349243879318,
    "agent_2": -158.10349243879318
  },
  "final_occupied_landmarks_mean": 0.15625,
  "max_occupied_landmarks_mean": 0.6875,
  "final_occupied_landmarks": [
    0,
    0,
    0,
    0,
    0,
    0,
    0,
    0,
    0,
    0,
    0,
    0,
    0,
    0,
    1,
    1,
    0,
    0,
    0,
    0,
    0,
    0,
    0,
    0,
    0,
    0,
    1,
    0,
    0,
    1,
    1,
    0
  ],
  "max_occupied_landmarks": [
    1,
    1,
    0,
    0,
    0,
    1,
    0,
    1,
    1,
    1,
    0,
    1,
    1,
    0,
    1,
    2,
    1,
    0,
    0,
    1,
    0,
    1,
    0,
    1,
    1,
    0,
    2,
    1,
    1,
    1,
    1,
    0
  ],
  "final_unique_landmarks_mean": 2.625,
  "max_unique_landmarks_mean": 2.9375,
  "final_unique_landmarks": [
    3,
    3,
    3,
    2,
    2,
    2,
    2,
    3,
    2,
    3,
    3,
    2,
    3,
    3,
    3,
    3,
    3,
    2,
    3,
    3,
    2,
    3,
    2,
    3,
    3,
    2,
    3,
    3,
    2,
    3,
    3,
    2
  ],
  "max_unique_landmarks": [
    3,
    3,
    3,
    3,
    3,
    3,
    3,
    3,
    3,
    3,
    3,
    2,
    3,
    3,
    3,
    3,
    3,
    2,
    3,
    3,
    3,
    3,
    3,
    3,
    3,
    3,
    3,
    3,
    3,
    3,
    3,
    3
  ],
  "final_min_distance_sum_mean": 0.8507901104771336,
  "final_min_distance_sum": [
    0.6186835717110621,
    0.8281077736795048,
    0.7643065655494765,
    0.7604752574142443,
    0.9753536942313389,
    0.7448492762097321,
    1.052059955095403,
    0.8412335345859788,
    1.0782018266145466,
    0.7134360349412825,
    0.5672126702806012,
    0.8669586785824248,
    0.7901995073354158,
    1.6957955730788394,
    0.9893365034108804,
    0.8871787805131301,
    1.0976924773694865,
    0.9116792962988973,
    1.0864297231942726,
    0.7987722550109193,
    1.2308322060488184,
    0.7141328886044922,
    1.1217128130690486,
    0.5611899717595021,
    0.49012182925817827,
    0.9301190722979715,
    0.42104979048111,
    0.5916733899869842,
    0.7668628524400368,
    0.6812922694496721,
    0.6067879572521893,
    1.0415455395128352
  ],
  "collision_pair_events_mean": 1.71875,
  "collision_step_rate_mean": 0.0625,
  "final_collision_pairs_mean": 0,
  "max_collision_pairs_mean": 0.6875,
  "collision_pair_events": [
    0,
    0,
    0,
    5,
    1,
    0,
    3,
    0,
    1,
    5,
    4,
    2,
    0,
    1,
    2,
    2,
    1,
    0,
    0,
    5,
    0,
    1,
    1,
    3,
    3,
    0,
    10,
    5,
    0,
    0,
    0,
    0
  ],
  "collision_step_rates": [
    0.0,
    0.0,
    0.0,
    0.12,
    0.04,
    0.0,
    0.12,
    0.0,
    0.04,
    0.2,
    0.16,
    0.08,
    0.0,
    0.04,
    0.08,
    0.08,
    0.04,
    0.0,
    0.0,
    0.12,
    0.0,
    0.04,
    0.04,
    0.12,
    0.12,
    0.0,
    0.36,
    0.2,
    0.0,
    0.0,
    0.0,
    0.0
  ],
  "final_collision_pairs": [
    0,
    0,
    0,
    0,
    0,
    0,
    0,
    0,
    0,
    0,
    0,
    0,
    0,
    0,
    0,
    0,
    0,
    0,
    0,
    0,
    0,
    0,
    0,
    0,
    0,
    0,
    0,
    0,
    0,
    0,
    0,
    0
  ],
  "max_collision_pairs": [
    0,
    0,
    0,
    2,
    1,
    0,
    1,
    0,
    1,
    1,
    1,
    1,
    0,
    1,
    1,
    1,
    1,
    0,
    0,
    3,
    0,
    1,
    1,
    1,
    1,
    0,
    2,
    1,
    0,
    0,
    0,
    0
  ]
}