{
  "model_path": "seed_sweep_p03_results\\checkpoints\\kl_targeted_action_poison_rmappo_seed37\\models",
  "episodes": 32,
  "deterministic": true,
  "team_reward_mean": -486.84248450398445,
  "team_reward_std": 63.102588595170786,
  "episode_length_mean": 25,
  "episode_length_std": 0.0,
  "team_rewards": [
    -516.9054718017578,
    -374.6630210876465,
    -469.5703754425049,
    -509.90856552124023,
    -593.8355731964111,
    -540.0719718933105,
    -548.3713512420654,
    -401.0286521911621,
    -426.68448543548584,
    -622.408935546875,
    -492.7393608093262,
    -482.06688690185547,
    -471.4484176635742,
    -524.478214263916,
    -522.1853733062744,
    -488.7692584991455,
    -418.3540210723877,
    -597.8595752716064,
    -444.22232818603516,
    -476.52288818359375,
    -426.9927682876587,
    -433.4133052825928,
    -414.55892181396484,
    -531.4443092346191,
    -543.6752452850342,
    -393.5194272994995,
    -453.8403558731079,
    -582.4304752349854,
    -447.3920040130615,
    -444.0234956741333,
    -445.37096405029297,
    -540.2035045623779
  ],
  "episode_lengths": [
    25,
    25,
    25,
    25,
    25,
    25,
    25,
    25,
    25,
    25,
    25,
    25,
    25,
    25,
    25,
    25,
    25,
    25,
    25,
    25,
    25,
    25,
    25,
    25,
    25,
    25,
    25,
    25,
    25,
    25,
    25,
    25
  ],
  "per_agent_reward_mean": {
    "agent_0": -162.28082808107138,
    "agent_1": -162.28082808107138,
    "agent_2": -162.28082808107138
  },
  "final_occupied_landmarks_mean": 0.09375,
  "max_occupied_landmarks_mean": 0.75,
  "final_occupied_landmarks": [
    0,
    1,
    0,
    0,
    0,
    0,
    0,
    0,
    0,
    0,
    0,
    0,
    0,
    0,
    0,
    0,
    0,
    0,
    0,
    0,
    0,
    0,
    0,
    0,
    0,
    1,
    0,
    0,
    0,
    0,
    1,
    0
  ],
  "max_occupied_landmarks": [
    0,
    1,
    0,
    1,
    2,
    1,
    0,
    0,
    1,
    0,
    1,
    2,
    1,
    0,
    1,
    0,
    1,
    0,
    1,
    0,
    1,
    1,
    0,
    1,
    1,
    1,
    2,
    1,
    1,
    0,
    1,
    1
  ],
  "final_unique_landmarks_mean": 2.59375,
  "max_unique_landmarks_mean": 2.9375,
  "final_unique_landmarks": [
    3,
    3,
    3,
    3,
    2,
    3,
    2,
    3,
    2,
    2,
    3,
    3,
    3,
    2,
    2,
    2,
    3,
    2,
    3,
    3,
    3,
    3,
    2,
    3,
    2,
    2,
    3,
    2,
    2,
    3,
    3,
    3
  ],
  "max_unique_landmarks": [
    3,
    3,
    3,
    3,
    3,
    3,
    3,
    3,
    3,
    2,
    3,
    3,
    3,
    3,
    3,
    3,
    3,
    3,
    3,
    3,
    3,
    3,
    3,
    3,
    3,
    2,
    3,
    3,
    3,
    3,
    3,
    3
  ],
  "final_min_distance_sum_mean": 0.9488438301084663,
  "final_min_distance_sum": [
    0.7698124224571842,
    0.5884325993003807,
    0.9203582964954019,
    0.8379698244168419,
    1.5343433892620948,
    1.3624322072299235,
    1.4711906688430847,
    0.7284111327823222,
    0.9011315564044937,
    1.2048537433000805,
    0.8960717486799141,
    0.9109271880599643,
    1.0322259679346981,
    1.2647240453380657,
    1.5089513753909873,
    1.0871108643844418,
    0.7503625089190039,
    0.968171435746027,
    0.5985381579511605,
    0.9691467893264151,
    0.5505860871832263,
    0.7045842874831403,
    0.7985174900140036,
    0.6073044639073011,
    1.4666653623469956,
    0.5833664103046765,
    0.678254292201356,
    1.186048195466072,
    0.6670225994878551,
    0.7540589872518588,
    0.7744637664747152,
    1.286964699127236
  ],
  "collision_pair_events_mean": 1.90625,
  "collision_step_rate_mean": 0.07625,
  "final_collision_pairs_mean": 0,
  "max_collision_pairs_mean": 0.6875,
  "collision_pair_events": [
    2,
    0,
    1,
    9,
    1,
    3,
    0,
    0,
    2,
    3,
    2,
    2,
    1,
    3,
    0,
    0,
    2,
    3,
    2,
    0,
    0,
    0,
    0,
    8,
    2,
    0,
    2,
    1,
    3,
    1,
    1,
    7
  ],
  "collision_step_rates": [
    0.08,
    0.0,
    0.04,
    0.36,
    0.04,
    0.12,
    0.0,
    0.0,
    0.08,
    0.12,
    0.08,
    0.08,
    0.04,
    0.12,
    0.0,
    0.0,
    0.08,
    0.12,
    0.08,
    0.0,
    0.0,
    0.0,
    0.0,
    0.32,
    0.08,
    0.0,
    0.08,
    0.04,
    0.12,
    0.04,
    0.04,
    0.28
  ],
  "final_collision_pairs": [
    0,
    0,
    0,
    0,
    0,
    0,
    0,
    0,
    0,
    0,
    0,
    0,
    0,
    0,
    0,
    0,
    0,
    0,
    0,
    0,
    0,
    0,
    0,
    0,
    0,
    0,
    0,
    0,
    0,
    0,
    0,
    0
  ],
  "max_collision_pairs": [
    1,
    0,
    1,
    1,
    1,
    1,
    0,
    0,
    1,
    1,
    1,
    1,
    1,
    1,
    0,
    0,
    1,
    1,
    1,
    0,
    0,
    0,
    0,
    1,
    1,
    0,
    1,
    1,
    1,
    1,
    1,
    1
  ],
  "attack_summary": {
    "poisoned_action_count": 47851,
    "collection_steps": 31250,
    "mean_effective_probability": 0.09576867681583394
  }
}