{
  "model_path": "seed_sweep_p03_results\\checkpoints\\kl_targeted_action_poison_rmappo_seed31\\models",
  "episodes": 32,
  "deterministic": true,
  "team_reward_mean": -492.3304754793644,
  "team_reward_std": 71.37609152179412,
  "episode_length_mean": 25,
  "episode_length_std": 0.0,
  "team_rewards": [
    -550.8594417572021,
    -511.58681297302246,
    -372.67542839050293,
    -572.6665916442871,
    -513.9974708557129,
    -544.2279853820801,
    -568.5001487731934,
    -449.88778495788574,
    -569.3100547790527,
    -513.595251083374,
    -573.9208545684814,
    -437.76993560791016,
    -483.47425651550293,
    -403.6413230895996,
    -399.04186058044434,
    -670.2281856536865,
    -563.0427722930908,
    -488.61291122436523,
    -425.03674697875977,
    -384.39833068847656,
    -507.31406021118164,
    -483.45594787597656,
    -391.3199129104614,
    -558.7573156356812,
    -422.05200481414795,
    -493.2819404602051,
    -544.7883644104004,
    -415.77262592315674,
    -473.1231517791748,
    -520.468502998352,
    -550.9564609527588,
    -396.8107795715332
  ],
  "episode_lengths": [
    25,
    25,
    25,
    25,
    25,
    25,
    25,
    25,
    25,
    25,
    25,
    25,
    25,
    25,
    25,
    25,
    25,
    25,
    25,
    25,
    25,
    25,
    25,
    25,
    25,
    25,
    25,
    25,
    25,
    25,
    25,
    25
  ],
  "per_agent_reward_mean": {
    "agent_0": -164.11015829443932,
    "agent_1": -164.11015829443932,
    "agent_2": -164.11015829443932
  },
  "final_occupied_landmarks_mean": 0.25,
  "max_occupied_landmarks_mean": 0.71875,
  "final_occupied_landmarks": [
    0,
    0,
    0,
    0,
    0,
    1,
    1,
    0,
    0,
    0,
    0,
    0,
    0,
    0,
    1,
    0,
    1,
    0,
    0,
    0,
    0,
    1,
    0,
    1,
    0,
    0,
    0,
    1,
    0,
    0,
    0,
    1
  ],
  "max_occupied_landmarks": [
    0,
    0,
    1,
    0,
    0,
    1,
    1,
    1,
    0,
    1,
    0,
    1,
    1,
    1,
    1,
    1,
    1,
    0,
    1,
    1,
    0,
    1,
    1,
    1,
    1,
    1,
    1,
    1,
    0,
    0,
    1,
    2
  ],
  "final_unique_landmarks_mean": 2.6875,
  "max_unique_landmarks_mean": 2.90625,
  "final_unique_landmarks": [
    2,
    3,
    3,
    3,
    3,
    3,
    2,
    2,
    3,
    3,
    2,
    2,
    3,
    3,
    2,
    3,
    2,
    3,
    3,
    3,
    3,
    3,
    3,
    2,
    3,
    3,
    3,
    3,
    2,
    3,
    2,
    3
  ],
  "max_unique_landmarks": [
    3,
    3,
    3,
    3,
    3,
    3,
    3,
    3,
    3,
    3,
    3,
    3,
    3,
    3,
    3,
    3,
    2,
    3,
    3,
    3,
    3,
    3,
    3,
    2,
    3,
    3,
    3,
    3,
    3,
    3,
    2,
    3
  ],
  "final_min_distance_sum_mean": 0.8944652281502923,
  "final_min_distance_sum": [
    1.1856256958257154,
    0.9219106877861588,
    0.4393377332513092,
    1.3398680309413926,
    0.8951807339129123,
    0.9385956965906433,
    1.0146200489042552,
    0.8438093321925267,
    0.7919899658596437,
    0.9200203752921516,
    1.334383150351751,
    0.9177364382751413,
    0.8840444370477972,
    0.5732914473905956,
    0.5389842667798749,
    1.6310694798088718,
    0.6032740332705245,
    1.0365443855068701,
    0.7089499460852466,
    0.7367841933602278,
    0.9836847955489161,
    1.0601979734781062,
    0.5642218952843316,
    0.7361627584247479,
    0.7710671141772225,
    1.1280902995044342,
    0.9922286470761792,
    0.6102347560271637,
    0.9266420845288075,
    0.5993723766158663,
    1.492008713852619,
    0.5029558078573491
  ],
  "collision_pair_events_mean": 2.375,
  "collision_step_rate_mean": 0.09375,
  "final_collision_pairs_mean": 0.0625,
  "max_collision_pairs_mean": 0.75,
  "collision_pair_events": [
    1,
    0,
    1,
    0,
    0,
    2,
    1,
    2,
    3,
    6,
    4,
    0,
    0,
    6,
    1,
    3,
    10,
    4,
    0,
    2,
    3,
    0,
    1,
    4,
    3,
    1,
    12,
    0,
    1,
    1,
    0,
    4
  ],
  "collision_step_rates": [
    0.04,
    0.0,
    0.04,
    0.0,
    0.0,
    0.08,
    0.04,
    0.08,
    0.12,
    0.2,
    0.16,
    0.0,
    0.0,
    0.24,
    0.04,
    0.12,
    0.4,
    0.16,
    0.0,
    0.08,
    0.12,
    0.0,
    0.04,
    0.16,
    0.12,
    0.04,
    0.48,
    0.0,
    0.04,
    0.04,
    0.0,
    0.16
  ],
  "final_collision_pairs": [
    0,
    0,
    0,
    0,
    0,
    0,
    0,
    0,
    0,
    0,
    0,
    0,
    0,
    0,
    0,
    0,
    0,
    1,
    0,
    0,
    0,
    0,
    0,
    1,
    0,
    0,
    0,
    0,
    0,
    0,
    0,
    0
  ],
  "max_collision_pairs": [
    1,
    0,
    1,
    0,
    0,
    1,
    1,
    1,
    1,
    2,
    1,
    0,
    0,
    1,
    1,
    1,
    1,
    1,
    0,
    1,
    1,
    0,
    1,
    1,
    1,
    1,
    1,
    0,
    1,
    1,
    0,
    1
  ],
  "attack_summary": {
    "poisoned_action_count": 53864,
    "collection_steps": 31250,
    "mean_effective_probability": 0.10791094985063625
  }
}