{
  "model_path": "seed_sweep_p03_results\\checkpoints\\kl_targeted_action_poison_rmappo_seed13\\models",
  "episodes": 32,
  "deterministic": true,
  "team_reward_mean": -480.37422955036163,
  "team_reward_std": 56.33231961695231,
  "episode_length_mean": 25,
  "episode_length_std": 0.0,
  "team_rewards": [
    -539.4619522094727,
    -394.35771465301514,
    -480.79795837402344,
    -408.43143939971924,
    -576.0903339385986,
    -460.3473587036133,
    -454.0415668487549,
    -573.0327243804932,
    -491.70384216308594,
    -391.67393016815186,
    -480.3127841949463,
    -453.351824760437,
    -455.088077545166,
    -518.31907081604,
    -481.63309955596924,
    -544.0964813232422,
    -414.16306495666504,
    -421.58053970336914,
    -429.97504806518555,
    -516.2318058013916,
    -407.69871616363525,
    -545.9251804351807,
    -502.24071884155273,
    -451.3774166107178,
    -602.961015701294,
    -454.69862365722656,
    -463.5705165863037,
    -490.94004917144775,
    -508.92027282714844,
    -566.3425941467285,
    -482.35630798339844,
    -410.25331592559814
  ],
  "episode_lengths": [
    25,
    25,
    25,
    25,
    25,
    25,
    25,
    25,
    25,
    25,
    25,
    25,
    25,
    25,
    25,
    25,
    25,
    25,
    25,
    25,
    25,
    25,
    25,
    25,
    25,
    25,
    25,
    25,
    25,
    25,
    25,
    25
  ],
  "per_agent_reward_mean": {
    "agent_0": -160.12474301457405,
    "agent_1": -160.12474301457405,
    "agent_2": -160.12474301457405
  },
  "final_occupied_landmarks_mean": 0.25,
  "max_occupied_landmarks_mean": 0.75,
  "final_occupied_landmarks": [
    0,
    1,
    0,
    0,
    0,
    0,
    0,
    0,
    0,
    0,
    0,
    1,
    0,
    1,
    0,
    0,
    1,
    0,
    1,
    0,
    1,
    0,
    0,
    1,
    0,
    0,
    1,
    0,
    0,
    0,
    0,
    0
  ],
  "max_occupied_landmarks": [
    1,
    1,
    1,
    1,
    0,
    0,
    0,
    1,
    1,
    2,
    1,
    1,
    0,
    1,
    0,
    0,
    1,
    2,
    1,
    0,
    1,
    0,
    1,
    1,
    0,
    1,
    1,
    1,
    2,
    0,
    1,
    0
  ],
  "final_unique_landmarks_mean": 2.65625,
  "max_unique_landmarks_mean": 2.90625,
  "final_unique_landmarks": [
    2,
    3,
    3,
    3,
    3,
    3,
    2,
    2,
    3,
    3,
    2,
    3,
    2,
    3,
    3,
    3,
    2,
    3,
    3,
    3,
    3,
    3,
    2,
    2,
    2,
    3,
    3,
    3,
    3,
    2,
    3,
    2
  ],
  "max_unique_landmarks": [
    3,
    3,
    3,
    3,
    3,
    3,
    3,
    3,
    3,
    3,
    3,
    3,
    3,
    3,
    3,
    3,
    2,
    3,
    3,
    3,
    3,
    3,
    3,
    3,
    2,
    3,
    3,
    3,
    3,
    2,
    3,
    3
  ],
  "final_min_distance_sum_mean": 0.9360008064256928,
  "final_min_distance_sum": [
    1.419324876275509,
    0.6179010363209129,
    1.0253298681031031,
    0.8295587336049846,
    1.0328880771734632,
    0.8263326212629689,
    1.0231662995977113,
    1.564946940334528,
    1.15145898000803,
    0.7868656816315356,
    1.0986067495788905,
    0.4994778370427726,
    1.027676104212367,
    0.8630910622753739,
    0.7586528671950217,
    1.2772348997205145,
    0.8099447202250836,
    0.6229913042056322,
    0.5453927228183919,
    0.8715059431196306,
    0.5431763078703113,
    1.0828299798986425,
    1.1794983216303465,
    0.5915190271546802,
    1.165120571122234,
    0.7610646484679859,
    0.7504185352970779,
    0.7265789351434307,
    1.1227842880332548,
    1.541120372645009,
    1.1194745436822682,
    0.7160929499705038
  ],
  "collision_pair_events_mean": 0.9375,
  "collision_step_rate_mean": 0.0375,
  "final_collision_pairs_mean": 0,
  "max_collision_pairs_mean": 0.375,
  "collision_pair_events": [
    0,
    0,
    1,
    1,
    3,
    3,
    0,
    2,
    0,
    0,
    1,
    0,
    0,
    2,
    2,
    0,
    0,
    0,
    0,
    0,
    0,
    0,
    3,
    0,
    6,
    0,
    0,
    5,
    1,
    0,
    0,
    0
  ],
  "collision_step_rates": [
    0.0,
    0.0,
    0.04,
    0.04,
    0.12,
    0.12,
    0.0,
    0.08,
    0.0,
    0.0,
    0.04,
    0.0,
    0.0,
    0.08,
    0.08,
    0.0,
    0.0,
    0.0,
    0.0,
    0.0,
    0.0,
    0.0,
    0.12,
    0.0,
    0.24,
    0.0,
    0.0,
    0.2,
    0.04,
    0.0,
    0.0,
    0.0
  ],
  "final_collision_pairs": [
    0,
    0,
    0,
    0,
    0,
    0,
    0,
    0,
    0,
    0,
    0,
    0,
    0,
    0,
    0,
    0,
    0,
    0,
    0,
    0,
    0,
    0,
    0,
    0,
    0,
    0,
    0,
    0,
    0,
    0,
    0,
    0
  ],
  "max_collision_pairs": [
    0,
    0,
    1,
    1,
    1,
    1,
    0,
    1,
    0,
    0,
    1,
    0,
    0,
    1,
    1,
    0,
    0,
    0,
    0,
    0,
    0,
    0,
    1,
    0,
    1,
    0,
    0,
    1,
    1,
    0,
    0,
    0
  ],
  "attack_summary": {
    "poisoned_action_count": 31028,
    "collection_steps": 31250,
    "mean_effective_probability": 0.06169165289568118
  }
}