{
  "model_path": "seed_sweep_p03_results\\checkpoints\\kl_targeted_action_poison_rmappo_seed21\\models",
  "episodes": 32,
  "deterministic": true,
  "team_reward_mean": -508.6640698313713,
  "team_reward_std": 74.52419728800007,
  "episode_length_mean": 25,
  "episode_length_std": 0.0,
  "team_rewards": [
    -445.1551847457886,
    -471.4091339111328,
    -434.5089406967163,
    -508.4318504333496,
    -474.69701385498047,
    -504.377779006958,
    -531.1066799163818,
    -558.5981121063232,
    -474.60730743408203,
    -464.07324981689453,
    -552.6392879486084,
    -580.0734195709229,
    -394.196270942688,
    -667.9224014282227,
    -494.6766300201416,
    -561.4511680603027,
    -653.9817523956299,
    -503.02388763427734,
    -455.640588760376,
    -557.7518539428711,
    -612.8563213348389,
    -510.6478900909424,
    -534.5247249603271,
    -379.9336004257202,
    -439.24193000793457,
    -672.6206035614014,
    -529.7392654418945,
    -389.7584705352783,
    -431.9342269897461,
    -545.9311943054199,
    -463.2253761291504,
    -478.5141181945801
  ],
  "episode_lengths": [
    25,
    25,
    25,
    25,
    25,
    25,
    25,
    25,
    25,
    25,
    25,
    25,
    25,
    25,
    25,
    25,
    25,
    25,
    25,
    25,
    25,
    25,
    25,
    25,
    25,
    25,
    25,
    25,
    25,
    25,
    25,
    25
  ],
  "per_agent_reward_mean": {
    "agent_0": -169.55468998849392,
    "agent_1": -169.55468998849392,
    "agent_2": -169.55468998849392
  },
  "final_occupied_landmarks_mean": 0.09375,
  "max_occupied_landmarks_mean": 0.6875,
  "final_occupied_landmarks": [
    0,
    0,
    0,
    0,
    0,
    1,
    0,
    0,
    0,
    0,
    0,
    0,
    0,
    0,
    0,
    0,
    0,
    0,
    0,
    0,
    0,
    0,
    0,
    1,
    0,
    0,
    0,
    0,
    1,
    0,
    0,
    0
  ],
  "max_occupied_landmarks": [
    1,
    0,
    2,
    1,
    0,
    1,
    1,
    0,
    1,
    1,
    1,
    0,
    2,
    0,
    0,
    1,
    0,
    0,
    1,
    1,
    0,
    1,
    1,
    1,
    2,
    0,
    0,
    2,
    1,
    0,
    0,
    0
  ],
  "final_unique_landmarks_mean": 2.1875,
  "max_unique_landmarks_mean": 2.65625,
  "final_unique_landmarks": [
    3,
    3,
    3,
    1,
    2,
    1,
    2,
    2,
    3,
    3,
    3,
    2,
    3,
    1,
    3,
    2,
    2,
    2,
    3,
    1,
    1,
    3,
    1,
    2,
    3,
    2,
    3,
    2,
    1,
    2,
    2,
    3
  ],
  "max_unique_landmarks": [
    3,
    3,
    3,
    2,
    3,
    2,
    2,
    2,
    3,
    3,
    3,
    2,
    3,
    3,
    3,
    3,
    2,
    2,
    3,
    2,
    2,
    3,
    2,
    3,
    3,
    2,
    3,
    3,
    3,
    3,
    3,
    3
  ],
  "final_min_distance_sum_mean": 1.1113885853471221,
  "final_min_distance_sum": [
    0.82298908944812,
    0.9688592506591014,
    0.8897682027825489,
    1.0687668243744968,
    1.0907511751778938,
    0.9959272053414059,
    1.0218424908138206,
    1.3138060499523023,
    1.3590192467865831,
    0.6212790128819461,
    1.104542883106764,
    1.4042186077497694,
    0.4684385213337756,
    1.970636707811092,
    1.209247825237839,
    1.1400038817969222,
    1.6124160812986923,
    1.1933321075481347,
    1.1086581554210362,
    0.9819266660393673,
    1.7026803915358777,
    0.9620814923164352,
    1.437833376223824,
    0.5344745662325687,
    0.616816658756608,
    1.665463461179323,
    1.0006762848264037,
    0.914716036929082,
    0.9901008722953065,
    1.065937816567517,
    1.2018126753859497,
    1.1254111132974023
  ],
  "collision_pair_events_mean": 2.21875,
  "collision_step_rate_mean": 0.08499999999999999,
  "final_collision_pairs_mean": 0.09375,
  "max_collision_pairs_mean": 0.5625,
  "collision_pair_events": [
    0,
    3,
    6,
    0,
    0,
    3,
    4,
    5,
    0,
    4,
    1,
    0,
    2,
    0,
    0,
    3,
    5,
    0,
    0,
    9,
    2,
    0,
    0,
    3,
    2,
    9,
    0,
    0,
    0,
    9,
    1,
    0
  ],
  "collision_step_rates": [
    0.0,
    0.12,
    0.24,
    0.0,
    0.0,
    0.12,
    0.16,
    0.2,
    0.0,
    0.16,
    0.04,
    0.0,
    0.08,
    0.0,
    0.0,
    0.12,
    0.2,
    0.0,
    0.0,
    0.24,
    0.08,
    0.0,
    0.0,
    0.12,
    0.08,
    0.36,
    0.0,
    0.0,
    0.0,
    0.36,
    0.04,
    0.0
  ],
  "final_collision_pairs": [
    0,
    0,
    0,
    0,
    0,
    1,
    0,
    0,
    0,
    0,
    0,
    0,
    0,
    0,
    0,
    0,
    1,
    0,
    0,
    0,
    0,
    0,
    0,
    0,
    0,
    1,
    0,
    0,
    0,
    0,
    0,
    0
  ],
  "max_collision_pairs": [
    0,
    1,
    1,
    0,
    0,
    1,
    1,
    1,
    0,
    1,
    1,
    0,
    1,
    0,
    0,
    1,
    1,
    0,
    0,
    2,
    1,
    0,
    0,
    1,
    1,
    1,
    0,
    0,
    0,
    1,
    1,
    0
  ],
  "attack_summary": {
    "poisoned_action_count": 39172,
    "collection_steps": 31250,
    "mean_effective_probability": 0.07810096824226118
  }
}