{
  "model_path": "seed_sweep_p03_results\\checkpoints\\kl_targeted_action_poison_rmappo_seed7\\models",
  "episodes": 32,
  "deterministic": true,
  "team_reward_mean": -489.4796548485756,
  "team_reward_std": 61.71116593386929,
  "episode_length_mean": 25,
  "episode_length_std": 0.0,
  "team_rewards": [
    -476.8460502624512,
    -462.34549045562744,
    -489.84543323516846,
    -573.5152187347412,
    -459.08155155181885,
    -495.2411003112793,
    -451.3226146697998,
    -396.20255851745605,
    -509.12217712402344,
    -393.05056953430176,
    -602.3360328674316,
    -479.7520980834961,
    -441.1154327392578,
    -599.4341812133789,
    -458.7241630554199,
    -446.6532039642334,
    -427.1400136947632,
    -486.63266372680664,
    -423.42691802978516,
    -537.3617706298828,
    -460.72773933410645,
    -575.3540935516357,
    -464.1316156387329,
    -557.78196144104,
    -510.72740173339844,
    -530.1534290313721,
    -379.9839086532593,
    -623.0847511291504,
    -510.97363471984863,
    -446.7416353225708,
    -545.5083084106445,
    -449.0312337875366
  ],
  "episode_lengths": [
    25,
    25,
    25,
    25,
    25,
    25,
    25,
    25,
    25,
    25,
    25,
    25,
    25,
    25,
    25,
    25,
    25,
    25,
    25,
    25,
    25,
    25,
    25,
    25,
    25,
    25,
    25,
    25,
    25,
    25,
    25,
    25
  ],
  "per_agent_reward_mean": {
    "agent_0": -163.15988501906395,
    "agent_1": -163.15988501906395,
    "agent_2": -163.15988501906395
  },
  "final_occupied_landmarks_mean": 0.1875,
  "max_occupied_landmarks_mean": 0.59375,
  "final_occupied_landmarks": [
    0,
    0,
    0,
    0,
    0,
    0,
    0,
    1,
    0,
    0,
    0,
    0,
    0,
    0,
    1,
    0,
    1,
    0,
    0,
    0,
    1,
    0,
    0,
    0,
    0,
    0,
    0,
    0,
    0,
    0,
    0,
    2
  ],
  "max_occupied_landmarks": [
    0,
    1,
    1,
    0,
    1,
    1,
    0,
    2,
    1,
    1,
    0,
    0,
    0,
    0,
    1,
    0,
    1,
    1,
    0,
    0,
    1,
    1,
    1,
    0,
    0,
    0,
    2,
    0,
    1,
    0,
    0,
    2
  ],
  "final_unique_landmarks_mean": 2.59375,
  "max_unique_landmarks_mean": 2.875,
  "final_unique_landmarks": [
    3,
    2,
    2,
    2,
    3,
    2,
    3,
    3,
    3,
    3,
    2,
    3,
    2,
    3,
    2,
    2,
    3,
    2,
    3,
    3,
    3,
    2,
    3,
    2,
    3,
    2,
    2,
    3,
    3,
    3,
    3,
    3
  ],
  "max_unique_landmarks": [
    3,
    2,
    2,
    3,
    3,
    3,
    3,
    3,
    3,
    3,
    3,
    3,
    3,
    3,
    3,
    3,
    3,
    2,
    3,
    3,
    3,
    3,
    3,
    3,
    3,
    2,
    3,
    3,
    3,
    3,
    3,
    3
  ],
  "final_min_distance_sum_mean": 0.9796842796811885,
  "final_min_distance_sum": [
    1.0851805366556482,
    0.6619939863845551,
    1.053232725790813,
    1.3036449810298683,
    0.8778016181941652,
    1.2318048609269827,
    0.9073606903221421,
    0.3078214561845105,
    0.8605743154706014,
    0.6699821648700439,
    1.3802430825633567,
    0.9180114258775752,
    0.8120233619383899,
    1.3330459087400075,
    0.9565922921758475,
    0.9921204444348013,
    0.8058403467235374,
    0.8325428491165101,
    0.7731006035556769,
    0.7719425749397623,
    0.9247279431824539,
    1.459223220836329,
    1.2076287077753398,
    1.3145780726984588,
    0.9278275279268348,
    1.1307952556524838,
    0.8659960721807194,
    1.5792339937413282,
    1.3558745969816504,
    0.6830706778242284,
    1.0330055522441124,
    0.3330751028592999
  ],
  "collision_pair_events_mean": 1.375,
  "collision_step_rate_mean": 0.05125,
  "final_collision_pairs_mean": 0,
  "max_collision_pairs_mean": 0.5,
  "collision_pair_events": [
    0,
    5,
    2,
    3,
    0,
    0,
    0,
    0,
    7,
    3,
    0,
    2,
    0,
    4,
    0,
    0,
    0,
    1,
    0,
    3,
    1,
    4,
    0,
    3,
    0,
    0,
    0,
    1,
    0,
    0,
    3,
    2
  ],
  "collision_step_rates": [
    0.0,
    0.2,
    0.08,
    0.12,
    0.0,
    0.0,
    0.0,
    0.0,
    0.16,
    0.12,
    0.0,
    0.08,
    0.0,
    0.16,
    0.0,
    0.0,
    0.0,
    0.04,
    0.0,
    0.12,
    0.04,
    0.16,
    0.0,
    0.12,
    0.0,
    0.0,
    0.0,
    0.04,
    0.0,
    0.0,
    0.12,
    0.08
  ],
  "final_collision_pairs": [
    0,
    0,
    0,
    0,
    0,
    0,
    0,
    0,
    0,
    0,
    0,
    0,
    0,
    0,
    0,
    0,
    0,
    0,
    0,
    0,
    0,
    0,
    0,
    0,
    0,
    0,
    0,
    0,
    0,
    0,
    0,
    0
  ],
  "max_collision_pairs": [
    0,
    1,
    1,
    1,
    0,
    0,
    0,
    0,
    2,
    1,
    0,
    1,
    0,
    1,
    0,
    0,
    0,
    1,
    0,
    1,
    1,
    1,
    0,
    1,
    0,
    0,
    0,
    1,
    0,
    0,
    1,
    1
  ],
  "attack_summary": {
    "poisoned_action_count": 51241,
    "collection_steps": 31250,
    "mean_effective_probability": 0.10240287092163115
  }
}