{
  "model_path": "seed_sweep_p03_results\\checkpoints\\random_action_poison_rmappo_seed21\\models",
  "episodes": 32,
  "deterministic": true,
  "team_reward_mean": -482.88320887088776,
  "team_reward_std": 64.45197348194122,
  "episode_length_mean": 25,
  "episode_length_std": 0.0,
  "team_rewards": [
    -509.5774517059326,
    -424.9404058456421,
    -383.4277153015137,
    -522.1114368438721,
    -406.1701898574829,
    -418.2399425506592,
    -444.15992736816406,
    -551.0480289459229,
    -476.8796052932739,
    -563.4306488037109,
    -611.6519756317139,
    -492.1582717895508,
    -454.90877532958984,
    -559.2801094055176,
    -522.8922004699707,
    -650.9233665466309,
    -459.50013065338135,
    -501.8391056060791,
    -517.2430763244629,
    -512.5333061218262,
    -453.2073631286621,
    -497.6436595916748,
    -453.3871593475342,
    -408.0198278427124,
    -423.66350173950195,
    -555.6632022857666,
    -492.059983253479,
    -463.0140724182129,
    -446.0441303253174,
    -372.2579116821289,
    -396.19849395751953,
    -508.187707901001
  ],
  "episode_lengths": [
    25,
    25,
    25,
    25,
    25,
    25,
    25,
    25,
    25,
    25,
    25,
    25,
    25,
    25,
    25,
    25,
    25,
    25,
    25,
    25,
    25,
    25,
    25,
    25,
    25,
    25,
    25,
    25,
    25,
    25,
    25,
    25
  ],
  "per_agent_reward_mean": {
    "agent_0": -160.96106988191605,
    "agent_1": -160.96106988191605,
    "agent_2": -160.96106988191605
  },
  "final_occupied_landmarks_mean": 0.15625,
  "max_occupied_landmarks_mean": 0.8125,
  "final_occupied_landmarks": [
    0,
    0,
    0,
    0,
    0,
    1,
    0,
    0,
    0,
    0,
    0,
    0,
    0,
    0,
    0,
    0,
    1,
    0,
    0,
    0,
    1,
    0,
    0,
    0,
    1,
    0,
    0,
    0,
    0,
    0,
    1,
    0
  ],
  "max_occupied_landmarks": [
    1,
    1,
    1,
    1,
    1,
    2,
    1,
    1,
    1,
    0,
    1,
    1,
    0,
    0,
    0,
    1,
    1,
    0,
    0,
    1,
    1,
    1,
    0,
    1,
    2,
    0,
    1,
    0,
    2,
    1,
    1,
    1
  ],
  "final_unique_landmarks_mean": 2.53125,
  "max_unique_landmarks_mean": 2.875,
  "final_unique_landmarks": [
    2,
    3,
    3,
    3,
    3,
    3,
    3,
    3,
    3,
    2,
    3,
    2,
    3,
    2,
    2,
    1,
    3,
    3,
    2,
    3,
    2,
    3,
    2,
    3,
    2,
    2,
    2,
    3,
    3,
    2,
    3,
    2
  ],
  "max_unique_landmarks": [
    3,
    3,
    3,
    3,
    3,
    3,
    3,
    3,
    3,
    3,
    3,
    2,
    3,
    3,
    2,
    3,
    3,
    3,
    3,
    3,
    3,
    3,
    3,
    3,
    3,
    3,
    2,
    3,
    3,
    3,
    3,
    2
  ],
  "final_min_distance_sum_mean": 0.9331193515099192,
  "final_min_distance_sum": [
    1.0228401572054502,
    0.5645456062965981,
    0.6529844073670089,
    1.0517948714288519,
    0.8330975128265828,
    0.591626000972397,
    0.6910065336116644,
    1.2376997067252398,
    0.7488825230042165,
    1.5731612363627299,
    1.063153937281126,
    1.2094407529326516,
    0.8630299291302848,
    1.5321094046610102,
    1.4174617535744305,
    1.572139553576581,
    0.7613902438610722,
    0.8532096501642814,
    1.1371957562461708,
    0.9533899646063018,
    0.6234819340649286,
    0.8717027033109476,
    1.136853019818268,
    0.693466154257553,
    0.6835408525058485,
    0.9232420142708573,
    0.796689038340973,
    0.8903705794781981,
    0.7402822840825967,
    0.5147105955896647,
    0.7138289007641334,
    0.9414916699987976
  ],
  "collision_pair_events_mean": 2.25,
  "collision_step_rate_mean": 0.09,
  "final_collision_pairs_mean": 0.03125,
  "max_collision_pairs_mean": 0.59375,
  "collision_pair_events": [
    1,
    6,
    0,
    1,
    1,
    1,
    2,
    4,
    3,
    1,
    7,
    0,
    0,
    0,
    0,
    16,
    0,
    4,
    1,
    1,
    2,
    4,
    0,
    6,
    2,
    0,
    0,
    0,
    0,
    0,
    0,
    9
  ],
  "collision_step_rates": [
    0.04,
    0.24,
    0.0,
    0.04,
    0.04,
    0.04,
    0.08,
    0.16,
    0.12,
    0.04,
    0.28,
    0.0,
    0.0,
    0.0,
    0.0,
    0.64,
    0.0,
    0.16,
    0.04,
    0.04,
    0.08,
    0.16,
    0.0,
    0.24,
    0.08,
    0.0,
    0.0,
    0.0,
    0.0,
    0.0,
    0.0,
    0.36
  ],
  "final_collision_pairs": [
    0,
    0,
    0,
    0,
    0,
    0,
    0,
    0,
    0,
    0,
    0,
    0,
    0,
    0,
    0,
    1,
    0,
    0,
    0,
    0,
    0,
    0,
    0,
    0,
    0,
    0,
    0,
    0,
    0,
    0,
    0,
    0
  ],
  "max_collision_pairs": [
    1,
    1,
    0,
    1,
    1,
    1,
    1,
    1,
    1,
    1,
    1,
    0,
    0,
    0,
    0,
    1,
    0,
    1,
    1,
    1,
    1,
    1,
    0,
    1,
    1,
    0,
    0,
    0,
    0,
    0,
    0,
    1
  ],
  "attack_summary": {
    "poisoned_action_count": 150302,
    "collection_steps": 31250,
    "mean_effective_probability": 0.3
  }
}