{
  "model_path": "seed_sweep_p03_results\\checkpoints\\random_action_poison_rmappo_seed7\\models",
  "episodes": 32,
  "deterministic": true,
  "team_reward_mean": -474.9617383480072,
  "team_reward_std": 67.48459765625542,
  "episode_length_mean": 25,
  "episode_length_std": 0.0,
  "team_rewards": [
    -434.10496044158936,
    -494.7071170806885,
    -458.7627983093262,
    -581.2387142181396,
    -495.48489570617676,
    -437.24981689453125,
    -390.6191740036011,
    -383.51115226745605,
    -464.5382127761841,
    -397.3760995864868,
    -564.0037078857422,
    -500.64534187316895,
    -427.01661109924316,
    -537.2144870758057,
    -495.2689552307129,
    -385.93812370300293,
    -437.6675138473511,
    -528.41530418396,
    -409.13586616516113,
    -519.029203414917,
    -490.8062992095947,
    -415.35615730285645,
    -467.4935817718506,
    -565.3715972900391,
    -514.3872375488281,
    -436.4250717163086,
    -375.2959108352661,
    -698.612720489502,
    -474.62321281433105,
    -474.5968532562256,
    -472.6798028945923,
    -471.1991262435913
  ],
  "episode_lengths": [
    25,
    25,
    25,
    25,
    25,
    25,
    25,
    25,
    25,
    25,
    25,
    25,
    25,
    25,
    25,
    25,
    25,
    25,
    25,
    25,
    25,
    25,
    25,
    25,
    25,
    25,
    25,
    25,
    25,
    25,
    25,
    25
  ],
  "per_agent_reward_mean": {
    "agent_0": -158.32057932019234,
    "agent_1": -158.32057932019234,
    "agent_2": -158.32057932019234
  },
  "final_occupied_landmarks_mean": 0.09375,
  "max_occupied_landmarks_mean": 0.75,
  "final_occupied_landmarks": [
    0,
    0,
    0,
    0,
    0,
    0,
    0,
    2,
    0,
    0,
    0,
    0,
    1,
    0,
    0,
    0,
    0,
    0,
    0,
    0,
    0,
    0,
    0,
    0,
    0,
    0,
    0,
    0,
    0,
    0,
    0,
    0
  ],
  "max_occupied_landmarks": [
    0,
    1,
    1,
    0,
    1,
    1,
    0,
    2,
    1,
    1,
    0,
    0,
    1,
    1,
    0,
    1,
    1,
    0,
    0,
    2,
    1,
    1,
    1,
    2,
    0,
    1,
    1,
    0,
    0,
    1,
    1,
    1
  ],
  "final_unique_landmarks_mean": 2.625,
  "max_unique_landmarks_mean": 2.875,
  "final_unique_landmarks": [
    3,
    2,
    3,
    3,
    3,
    3,
    2,
    3,
    3,
    3,
    3,
    3,
    3,
    2,
    2,
    3,
    3,
    1,
    2,
    3,
    2,
    3,
    2,
    2,
    3,
    2,
    3,
    3,
    3,
    2,
    3,
    3
  ],
  "max_unique_landmarks": [
    3,
    2,
    3,
    3,
    3,
    3,
    3,
    3,
    3,
    3,
    3,
    3,
    3,
    3,
    3,
    3,
    3,
    2,
    2,
    3,
    2,
    3,
    3,
    3,
    3,
    3,
    3,
    3,
    3,
    3,
    3,
    3
  ],
  "final_min_distance_sum_mean": 0.8932262919276205,
  "final_min_distance_sum": [
    0.7613895459420631,
    1.0900980785786525,
    0.8228017326169423,
    0.8495405096893062,
    0.817662068675715,
    0.8917017182740349,
    0.6245123490854934,
    0.4289787424453092,
    1.0350806161252744,
    0.672852204646053,
    0.9954832444046194,
    1.1881618212287894,
    0.7912299559003094,
    1.0323846510520578,
    1.078598464870315,
    0.751781009364741,
    0.7303534874748756,
    0.9718309333275421,
    0.7538897223427653,
    0.7387476377374755,
    1.0648187137312919,
    0.6725673031238667,
    1.0981272731242409,
    1.2533155323804568,
    0.8689284939057415,
    0.7843805339465825,
    0.6115368425422008,
    1.8017033541613885,
    1.2017185809472064,
    0.8210573726164752,
    0.6930051268481212,
    0.6850037205739476
  ],
  "collision_pair_events_mean": 1.3125,
  "collision_step_rate_mean": 0.052500000000000005,
  "final_collision_pairs_mean": 0,
  "max_collision_pairs_mean": 0.46875,
  "collision_pair_events": [
    0,
    4,
    0,
    4,
    2,
    0,
    0,
    0,
    2,
    0,
    0,
    2,
    0,
    0,
    1,
    0,
    0,
    0,
    0,
    5,
    4,
    2,
    2,
    5,
    2,
    0,
    0,
    2,
    0,
    0,
    1,
    4
  ],
  "collision_step_rates": [
    0.0,
    0.16,
    0.0,
    0.16,
    0.08,
    0.0,
    0.0,
    0.0,
    0.08,
    0.0,
    0.0,
    0.08,
    0.0,
    0.0,
    0.04,
    0.0,
    0.0,
    0.0,
    0.0,
    0.2,
    0.16,
    0.08,
    0.08,
    0.2,
    0.08,
    0.0,
    0.0,
    0.08,
    0.0,
    0.0,
    0.04,
    0.16
  ],
  "final_collision_pairs": [
    0,
    0,
    0,
    0,
    0,
    0,
    0,
    0,
    0,
    0,
    0,
    0,
    0,
    0,
    0,
    0,
    0,
    0,
    0,
    0,
    0,
    0,
    0,
    0,
    0,
    0,
    0,
    0,
    0,
    0,
    0,
    0
  ],
  "max_collision_pairs": [
    0,
    1,
    0,
    1,
    1,
    0,
    0,
    0,
    1,
    0,
    0,
    1,
    0,
    0,
    1,
    0,
    0,
    0,
    0,
    1,
    1,
    1,
    1,
    1,
    1,
    0,
    0,
    1,
    0,
    0,
    1,
    1
  ],
  "attack_summary": {
    "poisoned_action_count": 149221,
    "collection_steps": 31250,
    "mean_effective_probability": 0.3
  }
}