{
  "model_path": "seed_sweep_p03_results\\checkpoints\\random_action_poison_rmappo_seed31\\models",
  "episodes": 32,
  "deterministic": true,
  "team_reward_mean": -483.8518281877041,
  "team_reward_std": 65.11323726422994,
  "episode_length_mean": 25,
  "episode_length_std": 0.0,
  "team_rewards": [
    -560.0516300201416,
    -526.7384262084961,
    -458.5283250808716,
    -504.7609348297119,
    -536.6608371734619,
    -576.9508323669434,
    -542.8256893157959,
    -473.65831756591797,
    -511.7920665740967,
    -502.4627285003662,
    -575.5256099700928,
    -568.5060844421387,
    -401.1948347091675,
    -339.08868503570557,
    -395.16958236694336,
    -579.7249755859375,
    -446.4811601638794,
    -397.09947299957275,
    -450.1471290588379,
    -473.7947063446045,
    -469.38129234313965,
    -499.19116401672363,
    -460.6060562133789,
    -575.3698024749756,
    -458.7477149963379,
    -416.42053508758545,
    -391.3357696533203,
    -453.9747123718262,
    -405.77674198150635,
    -519.2735328674316,
    -568.8005275726318,
    -443.21862411499023
  ],
  "episode_lengths": [
    25,
    25,
    25,
    25,
    25,
    25,
    25,
    25,
    25,
    25,
    25,
    25,
    25,
    25,
    25,
    25,
    25,
    25,
    25,
    25,
    25,
    25,
    25,
    25,
    25,
    25,
    25,
    25,
    25,
    25,
    25,
    25
  ],
  "per_agent_reward_mean": {
    "agent_0": -161.28394281864166,
    "agent_1": -161.28394281864166,
    "agent_2": -161.28394281864166
  },
  "final_occupied_landmarks_mean": 0.21875,
  "max_occupied_landmarks_mean": 0.84375,
  "final_occupied_landmarks": [
    0,
    0,
    0,
    0,
    0,
    0,
    1,
    0,
    0,
    0,
    0,
    0,
    0,
    1,
    0,
    0,
    0,
    1,
    0,
    0,
    0,
    0,
    0,
    0,
    0,
    0,
    2,
    0,
    1,
    1,
    0,
    0
  ],
  "max_occupied_landmarks": [
    0,
    0,
    0,
    1,
    1,
    1,
    1,
    1,
    1,
    1,
    1,
    1,
    1,
    2,
    1,
    0,
    1,
    2,
    1,
    0,
    0,
    0,
    2,
    1,
    0,
    1,
    2,
    1,
    1,
    1,
    1,
    0
  ],
  "final_unique_landmarks_mean": 2.5,
  "max_unique_landmarks_mean": 2.8125,
  "final_unique_landmarks": [
    3,
    3,
    2,
    3,
    3,
    2,
    2,
    2,
    2,
    3,
    1,
    3,
    3,
    3,
    3,
    1,
    3,
    3,
    3,
    2,
    3,
    2,
    3,
    2,
    2,
    3,
    3,
    2,
    3,
    2,
    3,
    2
  ],
  "max_unique_landmarks": [
    3,
    3,
    3,
    3,
    3,
    3,
    2,
    2,
    3,
    3,
    2,
    3,
    3,
    3,
    3,
    3,
    3,
    3,
    3,
    3,
    3,
    3,
    3,
    2,
    3,
    3,
    3,
    3,
    3,
    2,
    3,
    2
  ],
  "final_min_distance_sum_mean": 0.9218662872077247,
  "final_min_distance_sum": [
    1.1168660258281968,
    0.9625201948762767,
    0.8882294560103244,
    0.8532342633755979,
    1.3374954757356874,
    0.7610921326929181,
    1.204800951254697,
    1.0136459508023834,
    1.3040295256763694,
    1.160702070784545,
    1.2214678726965045,
    1.105786326047464,
    0.9142817946007841,
    0.49865687492524935,
    0.5689739544551614,
    1.2946031928354031,
    0.604404724037308,
    0.8452564269532375,
    0.9796412735127203,
    1.0002374356961146,
    0.9211315037753735,
    0.877763158115211,
    0.6268043065772871,
    1.1594298521018183,
    0.8333380049598096,
    0.8153330632979839,
    0.26226295020623475,
    1.0580412532113077,
    0.4589606794190649,
    0.6296756390310083,
    1.3933683388533162,
    0.8276865183018312
  ],
  "collision_pair_events_mean": 2.25,
  "collision_step_rate_mean": 0.09,
  "final_collision_pairs_mean": 0.03125,
  "max_collision_pairs_mean": 0.65625,
  "collision_pair_events": [
    1,
    2,
    6,
    0,
    2,
    12,
    0,
    0,
    1,
    0,
    1,
    8,
    0,
    1,
    1,
    0,
    0,
    1,
    1,
    0,
    0,
    6,
    11,
    2,
    5,
    1,
    0,
    0,
    3,
    2,
    3,
    2
  ],
  "collision_step_rates": [
    0.04,
    0.08,
    0.24,
    0.0,
    0.08,
    0.48,
    0.0,
    0.0,
    0.04,
    0.0,
    0.04,
    0.32,
    0.0,
    0.04,
    0.04,
    0.0,
    0.0,
    0.04,
    0.04,
    0.0,
    0.0,
    0.24,
    0.44,
    0.08,
    0.2,
    0.04,
    0.0,
    0.0,
    0.12,
    0.08,
    0.12,
    0.08
  ],
  "final_collision_pairs": [
    0,
    0,
    0,
    0,
    0,
    0,
    0,
    0,
    1,
    0,
    0,
    0,
    0,
    0,
    0,
    0,
    0,
    0,
    0,
    0,
    0,
    0,
    0,
    0,
    0,
    0,
    0,
    0,
    0,
    0,
    0,
    0
  ],
  "max_collision_pairs": [
    1,
    1,
    1,
    0,
    1,
    1,
    0,
    0,
    1,
    0,
    1,
    1,
    0,
    1,
    1,
    0,
    0,
    1,
    1,
    0,
    0,
    1,
    1,
    1,
    1,
    1,
    0,
    0,
    1,
    1,
    1,
    1
  ],
  "attack_summary": {
    "poisoned_action_count": 150203,
    "collection_steps": 31250,
    "mean_effective_probability": 0.3
  }
}