{
  "model_path": "seed_sweep_p03_results\\checkpoints\\random_action_poison_rmappo_seed37\\models",
  "episodes": 32,
  "deterministic": true,
  "team_reward_mean": -475.1113894581795,
  "team_reward_std": 58.772688221314766,
  "episode_length_mean": 25,
  "episode_length_std": 0.0,
  "team_rewards": [
    -510.30508613586426,
    -461.2568254470825,
    -537.1208438873291,
    -479.40156650543213,
    -489.3423328399658,
    -474.3478021621704,
    -517.81715965271,
    -394.74457359313965,
    -435.17520236968994,
    -563.6496276855469,
    -486.101505279541,
    -426.28464794158936,
    -398.37181282043457,
    -444.41113662719727,
    -437.02396965026855,
    -467.03898906707764,
    -455.409969329834,
    -602.5719718933105,
    -438.2765464782715,
    -567.8187522888184,
    -455.01912689208984,
    -462.60539722442627,
    -419.37922191619873,
    -477.20563411712646,
    -590.6829719543457,
    -388.23845958709717,
    -473.7262706756592,
    -560.4028663635254,
    -379.99836254119873,
    -393.26560401916504,
    -514.8663463592529,
    -501.7038793563843
  ],
  "episode_lengths": [
    25,
    25,
    25,
    25,
    25,
    25,
    25,
    25,
    25,
    25,
    25,
    25,
    25,
    25,
    25,
    25,
    25,
    25,
    25,
    25,
    25,
    25,
    25,
    25,
    25,
    25,
    25,
    25,
    25,
    25,
    25,
    25
  ],
  "per_agent_reward_mean": {
    "agent_0": -158.3704631999135,
    "agent_1": -158.3704631999135,
    "agent_2": -158.3704631999135
  },
  "final_occupied_landmarks_mean": 0.25,
  "max_occupied_landmarks_mean": 1,
  "final_occupied_landmarks": [
    1,
    0,
    0,
    1,
    0,
    0,
    0,
    0,
    0,
    0,
    0,
    0,
    0,
    0,
    0,
    1,
    0,
    0,
    0,
    0,
    1,
    1,
    2,
    0,
    0,
    0,
    0,
    0,
    0,
    0,
    0,
    1
  ],
  "max_occupied_landmarks": [
    1,
    1,
    1,
    1,
    0,
    1,
    1,
    1,
    1,
    1,
    1,
    1,
    1,
    0,
    1,
    2,
    1,
    1,
    1,
    0,
    1,
    1,
    2,
    1,
    1,
    1,
    1,
    0,
    2,
    2,
    1,
    1
  ],
  "final_unique_landmarks_mean": 2.6875,
  "max_unique_landmarks_mean": 2.96875,
  "final_unique_landmarks": [
    3,
    2,
    2,
    3,
    3,
    3,
    3,
    3,
    3,
    2,
    3,
    3,
    2,
    2,
    3,
    3,
    3,
    3,
    2,
    3,
    3,
    3,
    3,
    2,
    3,
    2,
    2,
    2,
    3,
    3,
    3,
    3
  ],
  "max_unique_landmarks": [
    3,
    3,
    3,
    3,
    3,
    3,
    3,
    3,
    3,
    2,
    3,
    3,
    3,
    3,
    3,
    3,
    3,
    3,
    3,
    3,
    3,
    3,
    3,
    3,
    3,
    3,
    3,
    3,
    3,
    3,
    3,
    3
  ],
  "final_min_distance_sum_mean": 0.8748422220358071,
  "final_min_distance_sum": [
    0.8848200286241649,
    0.7643797706827254,
    1.216687054362545,
    0.6387893165080489,
    0.9827870414432288,
    0.9909833493859607,
    0.8373575706364376,
    0.7602141661824138,
    0.8886645208870749,
    1.30498763261962,
    0.9192277811144329,
    0.6510147955607319,
    0.6477520848802845,
    0.8240997625543172,
    0.8077386572493238,
    1.001392670976419,
    0.9147306867547973,
    1.0145221018767923,
    0.7526538907254097,
    0.9866375387920718,
    0.7419565863521836,
    0.9020510600520149,
    0.3155098577183748,
    0.8356671000892206,
    1.5060931755052982,
    0.5980804962676687,
    0.9018878009023197,
    1.3381738662202676,
    0.6351963723043894,
    0.6312486979889843,
    1.0657568602381726,
    0.7338888096901327
  ],
  "collision_pair_events_mean": 1.09375,
  "collision_step_rate_mean": 0.043750000000000004,
  "final_collision_pairs_mean": 0,
  "max_collision_pairs_mean": 0.5625,
  "collision_pair_events": [
    7,
    0,
    1,
    3,
    1,
    0,
    1,
    3,
    1,
    0,
    1,
    0,
    0,
    0,
    0,
    1,
    1,
    4,
    0,
    0,
    0,
    0,
    2,
    0,
    2,
    1,
    1,
    0,
    0,
    2,
    2,
    1
  ],
  "collision_step_rates": [
    0.28,
    0.0,
    0.04,
    0.12,
    0.04,
    0.0,
    0.04,
    0.12,
    0.04,
    0.0,
    0.04,
    0.0,
    0.0,
    0.0,
    0.0,
    0.04,
    0.04,
    0.16,
    0.0,
    0.0,
    0.0,
    0.0,
    0.08,
    0.0,
    0.08,
    0.04,
    0.04,
    0.0,
    0.0,
    0.08,
    0.08,
    0.04
  ],
  "final_collision_pairs": [
    0,
    0,
    0,
    0,
    0,
    0,
    0,
    0,
    0,
    0,
    0,
    0,
    0,
    0,
    0,
    0,
    0,
    0,
    0,
    0,
    0,
    0,
    0,
    0,
    0,
    0,
    0,
    0,
    0,
    0,
    0,
    0
  ],
  "max_collision_pairs": [
    1,
    0,
    1,
    1,
    1,
    0,
    1,
    1,
    1,
    0,
    1,
    0,
    0,
    0,
    0,
    1,
    1,
    1,
    0,
    0,
    0,
    0,
    1,
    0,
    1,
    1,
    1,
    0,
    0,
    1,
    1,
    1
  ],
  "attack_summary": {
    "poisoned_action_count": 149992,
    "collection_steps": 31250,
    "mean_effective_probability": 0.3
  }
}