{
  "model_path": "seed_sweep_p03_results\\checkpoints\\random_action_poison_rmappo_seed13\\models",
  "episodes": 32,
  "deterministic": true,
  "team_reward_mean": -489.77419832348824,
  "team_reward_std": 53.98216361459227,
  "episode_length_mean": 25,
  "episode_length_std": 0.0,
  "team_rewards": [
    -507.36553382873535,
    -430.7948513031006,
    -495.367639541626,
    -407.44149589538574,
    -584.5268173217773,
    -444.24515438079834,
    -403.227991104126,
    -538.4396343231201,
    -484.30785369873047,
    -374.7077331542969,
    -443.80895042419434,
    -496.1846752166748,
    -449.1935291290283,
    -485.77154541015625,
    -494.39879989624023,
    -507.90417098999023,
    -463.11341857910156,
    -545.0035266876221,
    -514.2545166015625,
    -552.3847560882568,
    -445.0176725387573,
    -593.2986068725586,
    -560.746768951416,
    -577.1093482971191,
    -497.17462253570557,
    -413.4520015716553,
    -503.67598152160645,
    -482.42110538482666,
    -516.8035907745361,
    -501.1550693511963,
    -521.282190322876,
    -438.1947946548462
  ],
  "episode_lengths": [
    25,
    25,
    25,
    25,
    25,
    25,
    25,
    25,
    25,
    25,
    25,
    25,
    25,
    25,
    25,
    25,
    25,
    25,
    25,
    25,
    25,
    25,
    25,
    25,
    25,
    25,
    25,
    25,
    25,
    25,
    25,
    25
  ],
  "per_agent_reward_mean": {
    "agent_0": -163.25806617736816,
    "agent_1": -163.25806617736816,
    "agent_2": -163.25806617736816
  },
  "final_occupied_landmarks_mean": 0.21875,
  "max_occupied_landmarks_mean": 0.75,
  "final_occupied_landmarks": [
    0,
    0,
    1,
    0,
    1,
    0,
    0,
    1,
    0,
    0,
    1,
    0,
    0,
    1,
    0,
    0,
    0,
    0,
    0,
    0,
    1,
    0,
    0,
    0,
    0,
    1,
    0,
    0,
    0,
    0,
    0,
    0
  ],
  "max_occupied_landmarks": [
    1,
    0,
    1,
    1,
    1,
    0,
    1,
    1,
    1,
    1,
    1,
    0,
    0,
    1,
    1,
    0,
    1,
    0,
    1,
    0,
    2,
    1,
    1,
    0,
    1,
    2,
    0,
    2,
    1,
    1,
    0,
    0
  ],
  "final_unique_landmarks_mean": 2.4375,
  "max_unique_landmarks_mean": 2.84375,
  "final_unique_landmarks": [
    3,
    3,
    1,
    3,
    3,
    2,
    3,
    2,
    2,
    3,
    3,
    2,
    3,
    3,
    2,
    2,
    2,
    3,
    2,
    1,
    3,
    2,
    3,
    2,
    3,
    3,
    3,
    1,
    2,
    3,
    2,
    3
  ],
  "max_unique_landmarks": [
    3,
    3,
    3,
    3,
    3,
    2,
    3,
    2,
    3,
    3,
    3,
    3,
    3,
    3,
    3,
    3,
    2,
    3,
    3,
    2,
    3,
    3,
    3,
    3,
    3,
    3,
    3,
    3,
    3,
    3,
    2,
    3
  ],
  "final_min_distance_sum_mean": 0.9929174451813911,
  "final_min_distance_sum": [
    1.2660082306779084,
    0.7328399042290591,
    1.222291413145423,
    0.7911304673717556,
    0.932854623010102,
    0.7957071498118444,
    1.0520675433929956,
    1.2928313990190967,
    0.8972906753874729,
    0.6824435175568874,
    0.5189052958202727,
    0.8719472020388503,
    0.8352659543039818,
    0.8384506281795353,
    1.2133104282362306,
    1.0468068080537098,
    0.9665704403218782,
    1.284973359667889,
    0.955223667409622,
    1.3197349286330213,
    0.5745991163445703,
    1.5216995558483644,
    1.2521757648453533,
    1.2577208222926357,
    0.8783300707179,
    0.4501950351194965,
    1.076595319547708,
    1.0795751549098123,
    1.0963865321723378,
    1.215398887908944,
    1.1041205983208506,
    0.7499077515090089
  ],
  "collision_pair_events_mean": 1.34375,
  "collision_step_rate_mean": 0.052500000000000005,
  "final_collision_pairs_mean": 0,
  "max_collision_pairs_mean": 0.59375,
  "collision_pair_events": [
    0,
    2,
    1,
    1,
    0,
    2,
    0,
    3,
    1,
    0,
    0,
    0,
    1,
    2,
    1,
    0,
    0,
    2,
    1,
    7,
    5,
    0,
    3,
    5,
    1,
    0,
    0,
    4,
    1,
    0,
    0,
    0
  ],
  "collision_step_rates": [
    0.0,
    0.08,
    0.04,
    0.04,
    0.0,
    0.08,
    0.0,
    0.12,
    0.04,
    0.0,
    0.0,
    0.0,
    0.04,
    0.08,
    0.04,
    0.0,
    0.0,
    0.08,
    0.04,
    0.28,
    0.16,
    0.0,
    0.12,
    0.2,
    0.04,
    0.0,
    0.0,
    0.16,
    0.04,
    0.0,
    0.0,
    0.0
  ],
  "final_collision_pairs": [
    0,
    0,
    0,
    0,
    0,
    0,
    0,
    0,
    0,
    0,
    0,
    0,
    0,
    0,
    0,
    0,
    0,
    0,
    0,
    0,
    0,
    0,
    0,
    0,
    0,
    0,
    0,
    0,
    0,
    0,
    0,
    0
  ],
  "max_collision_pairs": [
    0,
    1,
    1,
    1,
    0,
    1,
    0,
    1,
    1,
    0,
    0,
    0,
    1,
    1,
    1,
    0,
    0,
    1,
    1,
    1,
    2,
    0,
    1,
    1,
    1,
    0,
    0,
    1,
    1,
    0,
    0,
    0
  ],
  "attack_summary": {
    "poisoned_action_count": 149896,
    "collection_steps": 31250,
    "mean_effective_probability": 0.3
  }
}