{
  "model_path": "seed_sweep_p03_results\\checkpoints\\targeted_action_poison_rmappo_seed21\\models",
  "episodes": 32,
  "deterministic": true,
  "team_reward_mean": -478.3536387681961,
  "team_reward_std": 52.374597904124855,
  "episode_length_mean": 25,
  "episode_length_std": 0.0,
  "team_rewards": [
    -496.5934638977051,
    -394.7503423690796,
    -451.84870433807373,
    -463.0937509536743,
    -439.66674613952637,
    -495.52407455444336,
    -453.89106845855713,
    -484.734582901001,
    -474.76563835144043,
    -477.977237701416,
    -535.3047504425049,
    -465.97705841064453,
    -437.94352626800537,
    -622.076135635376,
    -445.89054775238037,
    -557.9936618804932,
    -507.0232181549072,
    -506.76775550842285,
    -446.03598976135254,
    -473.311559677124,
    -546.8042640686035,
    -562.6194248199463,
    -495.03623390197754,
    -386.61495876312256,
    -440.4633741378784,
    -568.1052913665771,
    -482.4112672805786,
    -461.10552978515625,
    -389.3321371078491,
    -457.60968589782715,
    -451.9492530822754,
    -434.09520721435547
  ],
  "episode_lengths": [
    25,
    25,
    25,
    25,
    25,
    25,
    25,
    25,
    25,
    25,
    25,
    25,
    25,
    25,
    25,
    25,
    25,
    25,
    25,
    25,
    25,
    25,
    25,
    25,
    25,
    25,
    25,
    25,
    25,
    25,
    25,
    25
  ],
  "per_agent_reward_mean": {
    "agent_0": -159.45121283829212,
    "agent_1": -159.45121283829212,
    "agent_2": -159.45121283829212
  },
  "final_occupied_landmarks_mean": 0.0625,
  "max_occupied_landmarks_mean": 0.6875,
  "final_occupied_landmarks": [
    0,
    0,
    0,
    0,
    0,
    0,
    0,
    0,
    0,
    1,
    0,
    0,
    0,
    0,
    0,
    0,
    0,
    0,
    0,
    0,
    0,
    0,
    0,
    0,
    1,
    0,
    0,
    0,
    0,
    0,
    0,
    0
  ],
  "max_occupied_landmarks": [
    0,
    1,
    0,
    1,
    0,
    2,
    1,
    0,
    1,
    1,
    1,
    0,
    1,
    0,
    1,
    1,
    1,
    0,
    0,
    1,
    0,
    0,
    0,
    1,
    2,
    0,
    1,
    1,
    1,
    1,
    1,
    1
  ],
  "final_unique_landmarks_mean": 2.65625,
  "max_unique_landmarks_mean": 2.96875,
  "final_unique_landmarks": [
    2,
    3,
    2,
    2,
    3,
    3,
    3,
    3,
    3,
    3,
    2,
    3,
    3,
    3,
    3,
    2,
    3,
    3,
    3,
    2,
    3,
    2,
    3,
    2,
    2,
    3,
    3,
    3,
    3,
    2,
    3,
    2
  ],
  "max_unique_landmarks": [
    3,
    3,
    3,
    3,
    3,
    3,
    3,
    3,
    3,
    3,
    2,
    3,
    3,
    3,
    3,
    3,
    3,
    3,
    3,
    3,
    3,
    3,
    3,
    3,
    3,
    3,
    3,
    3,
    3,
    3,
    3,
    3
  ],
  "final_min_distance_sum_mean": 0.9530049418651285,
  "final_min_distance_sum": [
    1.1443710568627101,
    0.6762851946255075,
    0.7668975247888291,
    0.8334791606985659,
    0.8515652966739299,
    1.1347221406820047,
    0.7284345468355924,
    0.9794244149215627,
    1.025176920120275,
    0.5692529233070704,
    0.9205497152419312,
    0.8427666947550883,
    0.9973751664844253,
    1.5797473937814064,
    0.9978686870522043,
    1.1784098977739896,
    0.682906167246593,
    1.186686008737795,
    0.9015778180646248,
    0.8536213727041028,
    1.247172478368158,
    1.6574835283227038,
    0.708236851848949,
    0.638233280079077,
    0.706362751091666,
    1.1509050135834087,
    0.8061168324261172,
    1.2436246783617448,
    0.6631195977824713,
    0.8692507099980782,
    1.031524095740893,
    0.9230102207226356
  ],
  "collision_pair_events_mean": 1.28125,
  "collision_step_rate_mean": 0.04875,
  "final_collision_pairs_mean": 0,
  "max_collision_pairs_mean": 0.5625,
  "collision_pair_events": [
    0,
    0,
    2,
    4,
    0,
    2,
    2,
    0,
    2,
    2,
    2,
    1,
    0,
    0,
    2,
    4,
    2,
    0,
    0,
    2,
    0,
    1,
    0,
    3,
    2,
    0,
    6,
    0,
    0,
    0,
    0,
    2
  ],
  "collision_step_rates": [
    0.0,
    0.0,
    0.08,
    0.08,
    0.0,
    0.08,
    0.08,
    0.0,
    0.08,
    0.08,
    0.08,
    0.04,
    0.0,
    0.0,
    0.08,
    0.16,
    0.08,
    0.0,
    0.0,
    0.08,
    0.0,
    0.04,
    0.0,
    0.12,
    0.08,
    0.0,
    0.24,
    0.0,
    0.0,
    0.0,
    0.0,
    0.08
  ],
  "final_collision_pairs": [
    0,
    0,
    0,
    0,
    0,
    0,
    0,
    0,
    0,
    0,
    0,
    0,
    0,
    0,
    0,
    0,
    0,
    0,
    0,
    0,
    0,
    0,
    0,
    0,
    0,
    0,
    0,
    0,
    0,
    0,
    0,
    0
  ],
  "max_collision_pairs": [
    0,
    0,
    1,
    2,
    0,
    1,
    1,
    0,
    1,
    1,
    1,
    1,
    0,
    0,
    1,
    1,
    1,
    0,
    0,
    1,
    0,
    1,
    0,
    1,
    1,
    0,
    1,
    0,
    0,
    0,
    0,
    1
  ],
  "attack_summary": {
    "poisoned_action_count": 150404,
    "collection_steps": 31250,
    "mean_effective_probability": 0.3
  }
}