{
  "model_path": "seed_sweep_p03_results\\checkpoints\\targeted_action_poison_rmappo_seed31\\models",
  "episodes": 32,
  "deterministic": true,
  "team_reward_mean": -490.1242592930794,
  "team_reward_std": 65.27506799786413,
  "episode_length_mean": 25,
  "episode_length_std": 0.0,
  "team_rewards": [
    -578.6413097381592,
    -563.4919281005859,
    -467.53194522857666,
    -618.5305156707764,
    -513.2642211914062,
    -555.8528747558594,
    -554.2414951324463,
    -469.0865821838379,
    -452.7647695541382,
    -436.7202777862549,
    -622.8187160491943,
    -534.5672092437744,
    -503.2069797515869,
    -419.97367095947266,
    -530.8274574279785,
    -604.4371719360352,
    -451.4663496017456,
    -397.5086507797241,
    -462.18701934814453,
    -407.6749458312988,
    -484.7860107421875,
    -494.8158187866211,
    -380.30696201324463,
    -541.3372268676758,
    -415.6883182525635,
    -428.38787174224854,
    -476.82568168640137,
    -501.8673038482666,
    -422.47498416900635,
    -507.9054937362671,
    -470.4472408294678,
    -414.33929443359375
  ],
  "episode_lengths": [
    25,
    25,
    25,
    25,
    25,
    25,
    25,
    25,
    25,
    25,
    25,
    25,
    25,
    25,
    25,
    25,
    25,
    25,
    25,
    25,
    25,
    25,
    25,
    25,
    25,
    25,
    25,
    25,
    25,
    25,
    25,
    25
  ],
  "per_agent_reward_mean": {
    "agent_0": -163.37475307285786,
    "agent_1": -163.37475307285786,
    "agent_2": -163.37475307285786
  },
  "final_occupied_landmarks_mean": 0.1875,
  "max_occupied_landmarks_mean": 0.71875,
  "final_occupied_landmarks": [
    0,
    0,
    0,
    0,
    0,
    0,
    0,
    0,
    1,
    0,
    0,
    0,
    0,
    0,
    0,
    0,
    0,
    1,
    1,
    1,
    0,
    0,
    0,
    0,
    1,
    0,
    0,
    1,
    0,
    0,
    0,
    0
  ],
  "max_occupied_landmarks": [
    0,
    1,
    0,
    1,
    0,
    1,
    0,
    1,
    1,
    0,
    2,
    1,
    0,
    1,
    1,
    0,
    1,
    1,
    1,
    2,
    0,
    1,
    1,
    0,
    1,
    1,
    0,
    1,
    0,
    1,
    1,
    1
  ],
  "final_unique_landmarks_mean": 2.59375,
  "max_unique_landmarks_mean": 2.84375,
  "final_unique_landmarks": [
    2,
    2,
    2,
    2,
    3,
    3,
    3,
    3,
    3,
    3,
    2,
    2,
    3,
    3,
    2,
    3,
    3,
    3,
    2,
    2,
    2,
    3,
    3,
    3,
    3,
    2,
    3,
    3,
    3,
    2,
    3,
    2
  ],
  "max_unique_landmarks": [
    2,
    3,
    3,
    3,
    3,
    3,
    3,
    3,
    3,
    3,
    2,
    3,
    3,
    3,
    2,
    3,
    3,
    3,
    3,
    2,
    3,
    3,
    3,
    3,
    3,
    2,
    3,
    3,
    3,
    3,
    3,
    3
  ],
  "final_min_distance_sum_mean": 0.9751301890340329,
  "final_min_distance_sum": [
    1.3613750876096742,
    1.119847907210397,
    0.79347349918481,
    1.7473758499798815,
    1.2310346080941936,
    1.1753771123714905,
    1.2008351395617385,
    0.8848229899639436,
    0.5679074207407964,
    0.6815018981693564,
    1.7876543615042437,
    1.0851609672344367,
    1.370988500091027,
    0.8498446464570251,
    1.066334024822992,
    1.558467762809925,
    0.6644075010289554,
    0.48866824288661603,
    0.9403066036185568,
    0.3686605950029275,
    1.068206916718903,
    1.1189904739587564,
    0.5326791540107388,
    1.0520536639346232,
    0.3546709581131342,
    0.9035058342569582,
    0.8953093371898886,
    1.1780533017488664,
    0.7161584992053099,
    0.6987568917427252,
    0.9517447881770227,
    0.7899915116891408
  ],
  "collision_pair_events_mean": 1.5,
  "collision_step_rate_mean": 0.06,
  "final_collision_pairs_mean": 0,
  "max_collision_pairs_mean": 0.53125,
  "collision_pair_events": [
    1,
    3,
    9,
    1,
    0,
    2,
    1,
    5,
    3,
    0,
    0,
    0,
    0,
    3,
    7,
    0,
    0,
    1,
    2,
    0,
    1,
    0,
    0,
    0,
    3,
    0,
    0,
    2,
    3,
    1,
    0,
    0
  ],
  "collision_step_rates": [
    0.04,
    0.12,
    0.36,
    0.04,
    0.0,
    0.08,
    0.04,
    0.2,
    0.12,
    0.0,
    0.0,
    0.0,
    0.0,
    0.12,
    0.28,
    0.0,
    0.0,
    0.04,
    0.08,
    0.0,
    0.04,
    0.0,
    0.0,
    0.0,
    0.12,
    0.0,
    0.0,
    0.08,
    0.12,
    0.04,
    0.0,
    0.0
  ],
  "final_collision_pairs": [
    0,
    0,
    0,
    0,
    0,
    0,
    0,
    0,
    0,
    0,
    0,
    0,
    0,
    0,
    0,
    0,
    0,
    0,
    0,
    0,
    0,
    0,
    0,
    0,
    0,
    0,
    0,
    0,
    0,
    0,
    0,
    0
  ],
  "max_collision_pairs": [
    1,
    1,
    1,
    1,
    0,
    1,
    1,
    1,
    1,
    0,
    0,
    0,
    0,
    1,
    1,
    0,
    0,
    1,
    1,
    0,
    1,
    0,
    0,
    0,
    1,
    0,
    0,
    1,
    1,
    1,
    0,
    0
  ],
  "attack_summary": {
    "poisoned_action_count": 150087,
    "collection_steps": 31250,
    "mean_effective_probability": 0.3
  }
}