{
  "model_path": "seed_sweep_p03_results\\checkpoints\\targeted_action_poison_rmappo_seed13\\models",
  "episodes": 32,
  "deterministic": true,
  "team_reward_mean": -485.2560860812664,
  "team_reward_std": 57.07452841053135,
  "episode_length_mean": 25,
  "episode_length_std": 0.0,
  "team_rewards": [
    -478.5482349395752,
    -377.47300815582275,
    -493.3269786834717,
    -463.4910469055176,
    -647.9349308013916,
    -412.9086637496948,
    -411.5622434616089,
    -521.3648014068604,
    -541.3887968063354,
    -446.43239307403564,
    -457.3692274093628,
    -555.7787933349609,
    -475.4546661376953,
    -427.2368459701538,
    -445.77728843688965,
    -519.6340198516846,
    -480.84034156799316,
    -515.0481815338135,
    -451.11195850372314,
    -458.65576362609863,
    -441.0867853164673,
    -604.9990425109863,
    -507.61900901794434,
    -536.4487209320068,
    -499.33472061157227,
    -427.35725688934326,
    -510.6707344055176,
    -529.7768402099609,
    -499.0157461166382,
    -481.0245704650879,
    -512.0229225158691,
    -397.5002212524414
  ],
  "episode_lengths": [
    25,
    25,
    25,
    25,
    25,
    25,
    25,
    25,
    25,
    25,
    25,
    25,
    25,
    25,
    25,
    25,
    25,
    25,
    25,
    25,
    25,
    25,
    25,
    25,
    25,
    25,
    25,
    25,
    25,
    25,
    25,
    25
  ],
  "per_agent_reward_mean": {
    "agent_0": -161.7520286887884,
    "agent_1": -161.7520286887884,
    "agent_2": -161.7520286887884
  },
  "final_occupied_landmarks_mean": 0.0625,
  "max_occupied_landmarks_mean": 0.625,
  "final_occupied_landmarks": [
    0,
    0,
    0,
    0,
    0,
    1,
    0,
    0,
    0,
    0,
    0,
    0,
    0,
    0,
    0,
    0,
    0,
    0,
    1,
    0,
    0,
    0,
    0,
    0,
    0,
    0,
    0,
    0,
    0,
    0,
    0,
    0
  ],
  "max_occupied_landmarks": [
    1,
    1,
    0,
    0,
    0,
    1,
    1,
    0,
    0,
    1,
    1,
    0,
    1,
    1,
    1,
    0,
    1,
    0,
    1,
    1,
    1,
    0,
    1,
    0,
    1,
    0,
    1,
    0,
    0,
    1,
    1,
    2
  ],
  "final_unique_landmarks_mean": 2.5625,
  "max_unique_landmarks_mean": 2.9375,
  "final_unique_landmarks": [
    3,
    3,
    2,
    3,
    2,
    3,
    3,
    3,
    3,
    2,
    2,
    2,
    3,
    2,
    3,
    2,
    2,
    3,
    3,
    2,
    2,
    2,
    3,
    2,
    3,
    3,
    3,
    2,
    3,
    3,
    2,
    3
  ],
  "max_unique_landmarks": [
    3,
    3,
    3,
    3,
    3,
    3,
    3,
    3,
    3,
    3,
    3,
    3,
    3,
    3,
    3,
    2,
    3,
    3,
    3,
    3,
    3,
    3,
    3,
    3,
    3,
    3,
    3,
    3,
    3,
    3,
    2,
    3
  ],
  "final_min_distance_sum_mean": 0.9864860752099125,
  "final_min_distance_sum": [
    0.8576269799881013,
    0.5469751207291704,
    0.9968981368193112,
    0.900953623638728,
    1.3840792284391747,
    0.5720854709644856,
    0.8805135143567242,
    1.1365921041452023,
    0.6851805240257395,
    1.0234325014939516,
    0.8885805964190816,
    0.9698305030909375,
    0.9677835266148935,
    0.6723638785131474,
    0.9428913327722954,
    1.366871770711389,
    1.2721991972020152,
    1.3066084690777635,
    0.6295840378553156,
    1.1082301257736065,
    0.9177326702610358,
    1.6526303511374547,
    1.4759452967836424,
    0.8950413953124068,
    1.0214545545018963,
    0.6437555364741443,
    1.0898406018511424,
    0.990261907164373,
    0.7640269403081386,
    1.250046591096143,
    1.005357897824197,
    0.7521800213715906
  ],
  "collision_pair_events_mean": 1.34375,
  "collision_step_rate_mean": 0.05375,
  "final_collision_pairs_mean": 0.03125,
  "max_collision_pairs_mean": 0.46875,
  "collision_pair_events": [
    2,
    0,
    0,
    0,
    13,
    0,
    0,
    0,
    2,
    6,
    2,
    4,
    1,
    1,
    0,
    0,
    1,
    0,
    1,
    1,
    0,
    0,
    0,
    3,
    1,
    0,
    0,
    0,
    0,
    2,
    0,
    3
  ],
  "collision_step_rates": [
    0.08,
    0.0,
    0.0,
    0.0,
    0.52,
    0.0,
    0.0,
    0.0,
    0.08,
    0.24,
    0.08,
    0.16,
    0.04,
    0.04,
    0.0,
    0.0,
    0.04,
    0.0,
    0.04,
    0.04,
    0.0,
    0.0,
    0.0,
    0.12,
    0.04,
    0.0,
    0.0,
    0.0,
    0.0,
    0.08,
    0.0,
    0.12
  ],
  "final_collision_pairs": [
    0,
    0,
    0,
    0,
    1,
    0,
    0,
    0,
    0,
    0,
    0,
    0,
    0,
    0,
    0,
    0,
    0,
    0,
    0,
    0,
    0,
    0,
    0,
    0,
    0,
    0,
    0,
    0,
    0,
    0,
    0,
    0
  ],
  "max_collision_pairs": [
    1,
    0,
    0,
    0,
    1,
    0,
    0,
    0,
    1,
    1,
    1,
    1,
    1,
    1,
    0,
    0,
    1,
    0,
    1,
    1,
    0,
    0,
    0,
    1,
    1,
    0,
    0,
    0,
    0,
    1,
    0,
    1
  ],
  "attack_summary": {
    "poisoned_action_count": 150087,
    "collection_steps": 31250,
    "mean_effective_probability": 0.3
  }
}