{
  "model_path": "seed_sweep_p03_results\\checkpoints\\targeted_action_poison_rmappo_seed7\\models",
  "episodes": 32,
  "deterministic": true,
  "team_reward_mean": -489.3820401728153,
  "team_reward_std": 61.44591053393546,
  "episode_length_mean": 25,
  "episode_length_std": 0.0,
  "team_rewards": [
    -468.64941024780273,
    -530.2463836669922,
    -505.21556854248047,
    -560.4303283691406,
    -502.84207916259766,
    -456.8386058807373,
    -420.051233291626,
    -374.3987407684326,
    -505.01108741760254,
    -400.2666234970093,
    -534.0988140106201,
    -455.377254486084,
    -455.7269477844238,
    -540.6608428955078,
    -445.69275093078613,
    -445.7610893249512,
    -434.4036283493042,
    -549.9965801239014,
    -419.7428398132324,
    -594.0637073516846,
    -507.39096450805664,
    -510.50403594970703,
    -497.081992149353,
    -548.626579284668,
    -536.4542980194092,
    -433.4932231903076,
    -400.2193269729614,
    -666.4979228973389,
    -459.4658832550049,
    -506.36961364746094,
    -532.1366767883301,
    -462.5102529525757
  ],
  "episode_lengths": [
    25,
    25,
    25,
    25,
    25,
    25,
    25,
    25,
    25,
    25,
    25,
    25,
    25,
    25,
    25,
    25,
    25,
    25,
    25,
    25,
    25,
    25,
    25,
    25,
    25,
    25,
    25,
    25,
    25,
    25,
    25,
    25
  ],
  "per_agent_reward_mean": {
    "agent_0": -163.1273468285799,
    "agent_1": -163.1273468285799,
    "agent_2": -163.1273468285799
  },
  "final_occupied_landmarks_mean": 0.375,
  "max_occupied_landmarks_mean": 0.71875,
  "final_occupied_landmarks": [
    1,
    1,
    0,
    0,
    1,
    0,
    0,
    1,
    0,
    0,
    0,
    1,
    1,
    1,
    0,
    0,
    0,
    0,
    1,
    0,
    0,
    0,
    1,
    0,
    0,
    0,
    0,
    0,
    1,
    0,
    1,
    1
  ],
  "max_occupied_landmarks": [
    1,
    1,
    1,
    0,
    1,
    2,
    0,
    1,
    0,
    1,
    1,
    1,
    1,
    1,
    0,
    1,
    1,
    0,
    1,
    0,
    1,
    0,
    1,
    1,
    0,
    1,
    1,
    0,
    1,
    0,
    1,
    1
  ],
  "final_unique_landmarks_mean": 2.59375,
  "max_unique_landmarks_mean": 2.84375,
  "final_unique_landmarks": [
    3,
    2,
    3,
    3,
    3,
    3,
    2,
    3,
    3,
    3,
    3,
    3,
    3,
    2,
    3,
    2,
    3,
    3,
    2,
    2,
    2,
    3,
    2,
    2,
    3,
    2,
    2,
    1,
    3,
    3,
    3,
    3
  ],
  "max_unique_landmarks": [
    3,
    2,
    3,
    3,
    3,
    3,
    3,
    3,
    3,
    3,
    3,
    3,
    3,
    3,
    3,
    3,
    3,
    3,
    3,
    2,
    2,
    3,
    2,
    3,
    3,
    2,
    3,
    3,
    3,
    3,
    3,
    3
  ],
  "final_min_distance_sum_mean": 0.9553411078975559,
  "final_min_distance_sum": [
    0.7775556017140142,
    0.9027721460363702,
    0.9945749089239857,
    1.2319722438925633,
    0.6952407005116351,
    1.2297561359382243,
    0.7980393944635464,
    0.44133938574528203,
    1.1052373065596819,
    0.740154374879636,
    1.0959724747197166,
    0.6198925890260009,
    1.0002006095275449,
    1.0543098500444963,
    0.8532946347712964,
    0.8903772074923038,
    0.8376954294488754,
    1.207435908291559,
    0.8221236485893565,
    0.9634511049132201,
    1.00258291443363,
    0.9557450055290235,
    0.7607042731390131,
    1.8522139249741205,
    1.0934004434447282,
    0.8427661005625751,
    0.8295842574803354,
    1.6838082398714067,
    0.9932636876499102,
    1.2029555044978484,
    0.7224025794368099,
    0.37009286621307724
  ],
  "collision_pair_events_mean": 1.71875,
  "collision_step_rate_mean": 0.0675,
  "final_collision_pairs_mean": 0,
  "max_collision_pairs_mean": 0.5,
  "collision_pair_events": [
    2,
    10,
    4,
    2,
    2,
    0,
    0,
    0,
    0,
    0,
    0,
    3,
    1,
    0,
    0,
    1,
    0,
    0,
    0,
    9,
    6,
    1,
    3,
    0,
    0,
    0,
    0,
    1,
    0,
    0,
    6,
    4
  ],
  "collision_step_rates": [
    0.08,
    0.4,
    0.16,
    0.08,
    0.08,
    0.0,
    0.0,
    0.0,
    0.0,
    0.0,
    0.0,
    0.12,
    0.04,
    0.0,
    0.0,
    0.04,
    0.0,
    0.0,
    0.0,
    0.32,
    0.24,
    0.04,
    0.12,
    0.0,
    0.0,
    0.0,
    0.0,
    0.04,
    0.0,
    0.0,
    0.24,
    0.16
  ],
  "final_collision_pairs": [
    0,
    0,
    0,
    0,
    0,
    0,
    0,
    0,
    0,
    0,
    0,
    0,
    0,
    0,
    0,
    0,
    0,
    0,
    0,
    0,
    0,
    0,
    0,
    0,
    0,
    0,
    0,
    0,
    0,
    0,
    0,
    0
  ],
  "max_collision_pairs": [
    1,
    1,
    1,
    1,
    1,
    0,
    0,
    0,
    0,
    0,
    0,
    1,
    1,
    0,
    0,
    1,
    0,
    0,
    0,
    2,
    1,
    1,
    1,
    0,
    0,
    0,
    0,
    1,
    0,
    0,
    1,
    1
  ],
  "attack_summary": {
    "poisoned_action_count": 149455,
    "collection_steps": 31250,
    "mean_effective_probability": 0.3
  }
}