{
  "model_path": "seed_sweep_p03_results\\checkpoints\\targeted_action_poison_rmappo_seed37\\models",
  "episodes": 32,
  "deterministic": true,
  "team_reward_mean": -466.91697347164154,
  "team_reward_std": 64.35312511540602,
  "episode_length_mean": 25,
  "episode_length_std": 0.0,
  "team_rewards": [
    -609.2090969085693,
    -403.5050811767578,
    -567.6347999572754,
    -496.7102241516113,
    -433.6110773086548,
    -493.82703399658203,
    -442.65544033050537,
    -378.88017082214355,
    -445.111364364624,
    -536.4190120697021,
    -464.3369827270508,
    -481.4829387664795,
    -483.1426811218262,
    -420.7213020324707,
    -414.95816230773926,
    -538.3707618713379,
    -442.5001459121704,
    -605.2129421234131,
    -473.10317039489746,
    -508.0027332305908,
    -375.31380558013916,
    -487.33794116973877,
    -396.71514797210693,
    -491.6869068145752,
    -532.7979583740234,
    -375.47914600372314,
    -442.46259117126465,
    -544.6753311157227,
    -357.2480707168579,
    -414.50275802612305,
    -433.23647594451904,
    -450.4918966293335
  ],
  "episode_lengths": [
    25,
    25,
    25,
    25,
    25,
    25,
    25,
    25,
    25,
    25,
    25,
    25,
    25,
    25,
    25,
    25,
    25,
    25,
    25,
    25,
    25,
    25,
    25,
    25,
    25,
    25,
    25,
    25,
    25,
    25,
    25,
    25
  ],
  "per_agent_reward_mean": {
    "agent_0": -155.63899096101522,
    "agent_1": -155.63899096101522,
    "agent_2": -155.63899096101522
  },
  "final_occupied_landmarks_mean": 0.4375,
  "max_occupied_landmarks_mean": 1.09375,
  "final_occupied_landmarks": [
    0,
    0,
    0,
    0,
    2,
    1,
    0,
    1,
    0,
    0,
    0,
    0,
    0,
    0,
    1,
    0,
    0,
    0,
    0,
    0,
    1,
    1,
    2,
    0,
    0,
    1,
    0,
    0,
    2,
    0,
    1,
    1
  ],
  "max_occupied_landmarks": [
    0,
    1,
    1,
    1,
    2,
    1,
    0,
    2,
    1,
    1,
    1,
    1,
    1,
    1,
    1,
    1,
    1,
    0,
    1,
    0,
    1,
    1,
    2,
    1,
    1,
    3,
    2,
    0,
    2,
    1,
    2,
    1
  ],
  "final_unique_landmarks_mean": 2.59375,
  "max_unique_landmarks_mean": 2.875,
  "final_unique_landmarks": [
    2,
    3,
    2,
    3,
    2,
    3,
    3,
    3,
    3,
    2,
    2,
    2,
    2,
    2,
    3,
    2,
    3,
    2,
    3,
    3,
    3,
    3,
    3,
    3,
    3,
    3,
    2,
    3,
    3,
    2,
    3,
    2
  ],
  "max_unique_landmarks": [
    3,
    3,
    2,
    3,
    3,
    3,
    3,
    3,
    3,
    3,
    3,
    3,
    3,
    3,
    3,
    2,
    3,
    2,
    3,
    3,
    3,
    3,
    3,
    3,
    3,
    3,
    2,
    3,
    3,
    3,
    3,
    3
  ],
  "final_min_distance_sum_mean": 0.8298025000532993,
  "final_min_distance_sum": [
    1.0528731019729582,
    0.4829952835484846,
    1.5552051962334903,
    0.8434112674802243,
    0.4946268691210535,
    0.8795570703837621,
    0.9507539925451666,
    0.5744772489093912,
    0.5999369012518085,
    1.2347164455548145,
    0.8733656807043078,
    1.1549347335591578,
    1.2234112538510031,
    0.7102095630228753,
    0.6500866972753584,
    1.4010398822904442,
    0.5772568240363196,
    1.1232443946118433,
    1.1548560693107435,
    1.2637779702150282,
    0.378068192138192,
    0.6773157135688339,
    0.23377590899095077,
    0.6253506535097425,
    1.1170115227315027,
    0.650581296599571,
    0.6587042958687578,
    1.2617705559583303,
    0.3647014208455799,
    0.8612704275518988,
    0.5047911811999674,
    0.41960238686401397
  ],
  "collision_pair_events_mean": 1.75,
  "collision_step_rate_mean": 0.07,
  "final_collision_pairs_mean": 0.0625,
  "max_collision_pairs_mean": 0.59375,
  "collision_pair_events": [
    4,
    0,
    0,
    1,
    0,
    4,
    1,
    1,
    3,
    1,
    0,
    0,
    0,
    1,
    1,
    10,
    3,
    6,
    0,
    0,
    0,
    5,
    5,
    0,
    3,
    1,
    2,
    0,
    0,
    1,
    0,
    3
  ],
  "collision_step_rates": [
    0.16,
    0.0,
    0.0,
    0.04,
    0.0,
    0.16,
    0.04,
    0.04,
    0.12,
    0.04,
    0.0,
    0.0,
    0.0,
    0.04,
    0.04,
    0.4,
    0.12,
    0.24,
    0.0,
    0.0,
    0.0,
    0.2,
    0.2,
    0.0,
    0.12,
    0.04,
    0.08,
    0.0,
    0.0,
    0.04,
    0.0,
    0.12
  ],
  "final_collision_pairs": [
    0,
    0,
    0,
    0,
    0,
    0,
    0,
    0,
    0,
    0,
    0,
    0,
    0,
    0,
    0,
    1,
    0,
    0,
    0,
    0,
    0,
    0,
    0,
    0,
    0,
    0,
    0,
    0,
    0,
    1,
    0,
    0
  ],
  "max_collision_pairs": [
    1,
    0,
    0,
    1,
    0,
    1,
    1,
    1,
    1,
    1,
    0,
    0,
    0,
    1,
    1,
    1,
    1,
    1,
    0,
    0,
    0,
    1,
    1,
    0,
    1,
    1,
    1,
    0,
    0,
    1,
    0,
    1
  ],
  "attack_summary": {
    "poisoned_action_count": 150106,
    "collection_steps": 31250,
    "mean_effective_probability": 0.3
  }
}